unitid,institution,sector,carnegie_classification,medical_degree_flag,hospital_flag,year,total_faculty,pct_tenured_professor,pct_tenured_associate_professor,pct_tenured_assistant_professor,pct_t_track_professor,pct_t_track_associate_professor,pct_t_track_assistant_professor,pct_non_tenure_professor,pct_non_tenure_associate_professor,pct_non_tenure_assistant_professor,uconn_euclidean_distance,pct_professor,pct_associate_professor,pct_assistant_professor,rank_euclidean_distance,rank_similarity_rank,pct_tenured,pct_t_track,pct_non_tenure,tenure_euclidean_distance,tenure_similarity_rank,9d_rank_pct,rank_rank_pct,tenure_rank_pct,composite_similarity_score,composite_similarity_rank,euclidean_similarity_rank,9d_similarity_rank,pct_tenure_system,pct_professor_ranked,pct_associate_professor_ranked,pct_assistant_professor_ranked,detailed_cell_euclidean_distance,detailed_cell_similarity_rank,detailed_cell_distance_pct_rank,rank_distance_pct_rank,tenure_distance_pct_rank
129020,University of Connecticut,"Public, 4-year or above",Mixed Undergraduate/Graduate-Doctorate Large,Yes,Yes,2025,2191,0.252396166,0.181195801,0,0.003194888,0.01232314,0.123231401,,,,,,,,0,1,0.433591967,0.138749429,0.427658603,0,1,,,,0.004219409,1,,,0.572341397,0.446570973,0.338118022,0.215311005,0,1,0.004219409,0.004219409,0.004219409
111948,Chapman University,"Private not-for-profit, 4-year or above",Mixed Undergraduate/Graduate-Doctorate Medium,No,No,2025,596,0.243288591,0.184563758,0,0,0.016778523,0.127516779,,,,,,,,0.026517478,15,0.427852349,0.144295302,0.427852349,0.007983574,5,,,,0.030942335,2,,,0.572147651,0.425219941,0.351906158,0.2228739,0.011947837,2,0.008438819,0.063291139,0.021097046
131159,American University,"Private not-for-profit, 4-year or above",Mixed Undergraduate/Graduate-Doctorate Medium,No,No,2025,799,0.240300375,0.190237797,0.002503129,0,0.010012516,0.122653317,,,,,,,,0.027599207,17,0.433041302,0.132665832,0.434292866,0.009018139,6,,,,0.036568214,3,,,0.565707134,0.424778761,0.353982301,0.221238938,0.017153,3,0.012658228,0.071729958,0.025316456
238032,West Virginia University,"Public, 4-year or above",Mixed Undergraduate/Graduate-Doctorate Large,Yes,No,2025,1109,0.250676285,0.176735798,0.001803427,0.019837692,0.018935978,0.128944995,,,,,,,,0.012806447,4,0.429215509,0.167718665,0.403065825,0.038251467,23,,,,0.049226442,4,,,0.596934175,0.453172205,0.327794562,0.219033233,0.031372988,8,0.033755274,0.016877637,0.097046414
209542,Oregon State University,"Public, 4-year or above",Mixed Undergraduate/Graduate-Doctorate Large,Yes,No,2025,1519,0.244239631,0.188281764,0.000658328,0,0.01514154,0.136273864,,,,,,,,0.035824465,29,0.433179724,0.151415405,0.415404872,0.017628126,9,,,,0.05907173,5,,,0.584595128,0.417792793,0.347972973,0.234234234,0.021344409,4,0.016877637,0.122362869,0.037974684
178402,University of Missouri-Kansas City,"Public, 4-year or above",Mixed Undergraduate/Graduate-Doctorate Medium,Yes,No,2025,598,0.232441472,0.183946488,0,0.001672241,0.011705686,0.133779264,,,,,,,,0.039234003,34,0.41638796,0.147157191,0.436454849,0.02107231,12,,,,0.071729958,6,,,0.563545151,0.415430267,0.347181009,0.237388724,0.024435367,5,0.021097046,0.143459916,0.050632911
228246,Southern Methodist University,"Private not-for-profit, 4-year or above",Mixed Undergraduate/Graduate-Doctorate Medium,No,No,2025,809,0.270704574,0.173053152,0,0,0.004944376,0.114956737,,,,,,,,0.041986422,36,0.443757726,0.119901112,0.436341162,0.023108192,14,,,,0.078762307,7,,,0.563658838,0.480263158,0.315789474,0.203947368,0.024698398,6,0.025316456,0.151898734,0.05907173
120883,University of the Pacific,"Private not-for-profit, 4-year or above",Mixed Undergraduate/Graduate-Doctorate Medium,Yes,No,2025,499,0.28256513,0.178356713,0.002004008,0.004008016,0.018036072,0.118236473,,,,,,,,0.035004587,25,0.462925852,0.140280561,0.396793587,0.042608337,25,,,,0.090014065,8,,,0.603206413,0.475083056,0.325581395,0.199335548,0.04396749,14,0.05907173,0.105485232,0.105485232
145600,University of Illinois Chicago,"Public, 4-year or above",Mixed Undergraduate/Graduate-Doctorate Large,Yes,Yes,2025,2399,0.237182159,0.164651938,0,0.010004168,0.029178825,0.140475198,,,,,,,,0.034267303,24,0.401834098,0.179658191,0.418507712,0.052591139,31,,,,0.091420534,9,,,0.581492288,0.425089606,0.333333333,0.241577061,0.034881702,10,0.042194093,0.101265823,0.130801688
234076,University of Virginia-Main Campus,"Public, 4-year or above",Mixed Undergraduate/Graduate-Doctorate Large,Yes,Yes,2025,2666,0.271567892,0.149287322,0.000375094,0,0.025506377,0.13315829,,,,,,,,0.045196519,42,0.421230308,0.158664666,0.420105026,0.024626892,15,,,,0.098452883,10,,,0.579894974,0.468305304,0.301423027,0.230271669,0.041538554,13,0.054852321,0.17721519,0.063291139
182281,University of Nevada-Las Vegas,"Public, 4-year or above",Mixed Undergraduate/Graduate-Doctorate Large,Yes,No,2025,1283,0.238503507,0.182385035,0.00233827,0.000779423,0.007794232,0.14731099,,,,,,,,0.055375611,52,0.423226812,0.155884645,0.420888542,0.021139673,13,,,,0.101265823,11,,,0.579111458,0.413189771,0.328398385,0.258411844,0.029187215,7,0.029535865,0.219409283,0.054852321
236595,Seattle University,"Private not-for-profit, 4-year or above",Mixed Undergraduate/Graduate-Doctorate Medium,No,No,2025,549,0.222222222,0.178506375,0.001821494,0,0.010928962,0.114754098,,,,,,,,0.033453428,21,0.402550091,0.12568306,0.471766849,0.055496535,35,,,,0.104078762,12,,,0.528233151,0.420689655,0.35862069,0.220689655,0.054319157,18,0.075949367,0.088607595,0.147679325
236939,Washington State University,"Public, 4-year or above",Mixed Undergraduate/Graduate-Doctorate Large,Yes,No,2025,1388,0.261527378,0.182997118,0,0,0.003602305,0.15129683,,,,,,,,0.04691184,43,0.444524496,0.154899135,0.400576369,0.033373352,19,,,,0.104078762,13,,,0.599423631,0.436298077,0.311298077,0.252403846,0.041158228,12,0.050632911,0.181434599,0.080168776
196088,University at Buffalo,"Public, 4-year or above",Mixed Undergraduate/Graduate-Doctorate Large,Yes,Yes,2025,1914,0.258098224,0.198537095,0,0.011494253,0.010449321,0.147857889,,,,,,,,0.026691346,16,0.456635319,0.169801463,0.373563218,0.066494628,40,,,,0.109704641,14,,,0.626436782,0.430358632,0.333611343,0.236030025,0.062756666,22,0.092827004,0.067510549,0.168776371
186584,Seton Hall University,"Private not-for-profit, 4-year or above",Mixed Undergraduate/Graduate-Doctorate Medium,No,No,2025,458,0.240174672,0.207423581,0,0.002183406,0.019650655,0.11790393,,,,,,,,0.060956741,61,0.447598253,0.139737991,0.412663755,0.020542609,11,,,,0.113924051,15,,,0.587336245,0.412639405,0.3866171,0.200743494,0.033840868,9,0.037974684,0.257383966,0.046413502
232982,Old Dominion University,"Public, 4-year or above",Mixed Undergraduate/Graduate-Doctorate Large,Yes,No,2025,1192,0.211409396,0.156879195,0.006711409,0.038590604,0.040268456,0.125838926,,,,,,,,0.020405151,10,0.375,0.204697987,0.420302013,0.088523162,53,,,,0.125175809,16,,,0.579697987,0.431259045,0.340086831,0.228654124,0.066415147,26,0.109704641,0.042194093,0.223628692
207971,University of Tulsa,"Private not-for-profit, 4-year or above",Mixed Undergraduate/Graduate-Doctorate Medium,No,No,2025,300,0.293333333,0.2,0,0,0.006666667,0.133333333,,,,,,,,0.020912004,11,0.493333333,0.14,0.366666667,0.085385075,50,,,,0.130801688,17,,,0.633333333,0.463157895,0.326315789,0.210526316,0.076770554,32,0.135021097,0.046413502,0.210970464
138354,University of West Florida,"Public, 4-year or above",Mixed Undergraduate/Graduate-Doctorate Medium,No,No,2025,373,0.249329759,0.195710456,0.00536193,0,0,0.152815013,,,,,,,,0.059096275,58,0.450402145,0.152815013,0.396782842,0.037864698,22,,,,0.135021097,18,,,0.603217158,0.413333333,0.324444444,0.262222222,0.04732228,16,0.067510549,0.244725738,0.092827004
171100,Michigan State University,"Public, 4-year or above",Mixed Undergraduate/Graduate-Doctorate Large,Yes,No,2025,2807,0.28963306,0.203063769,0,0,0.008193801,0.144282152,,,,,,,,0.013738347,6,0.492696829,0.152475953,0.354827218,0.094795638,58,,,,0.146272855,19,,,0.645172782,0.448923247,0.327443401,0.223633352,0.087404793,40,0.168776371,0.025316456,0.244725738
133669,Florida Atlantic University,"Public, 4-year or above",Mixed Undergraduate/Graduate-Doctorate Large,Yes,No,2025,940,0.271276596,0.212765957,0,0,0.004255319,0.15212766,,,,,,,,0.03198402,20,0.484042553,0.156382979,0.359574468,0.086554337,51,,,,0.149085795,20,,,0.640425532,0.42358804,0.338870432,0.237541528,0.083059531,35,0.147679325,0.084388186,0.215189873
231174,University of Vermont,"Public, 4-year or above",Mixed Undergraduate/Graduate-Doctorate Medium,Yes,No,2025,825,0.293333333,0.213333333,0,0,0,0.133333333,,,,,,,,0.014489109,7,0.506666667,0.133333333,0.36,0.099734309,60,,,,0.149085795,20,,,0.64,0.458333333,0.333333333,0.208333333,0.086893471,39,0.164556962,0.029535865,0.253164557
229027,The University of Texas at San Antonio,"Public, 4-year or above",Mixed Undergraduate/Graduate-Doctorate Large,No,No,2025,1096,0.260036496,0.167883212,0,0,0.005474453,0.158759124,,,,,,,,0.06999977,73,0.427919708,0.164233577,0.407846715,0.03277388,18,,,,0.149085795,20,,,0.592153285,0.439137134,0.292758089,0.268104777,0.044129826,15,0.063291139,0.308016878,0.075949367
139940,Georgia State University,"Public, 4-year or above",Mixed Undergraduate/Graduate-Doctorate Large,No,No,2025,1176,0.255102041,0.160714286,0.00255102,0,0.005952381,0.154761905,,,,,,,,0.075778194,84,0.418367347,0.160714286,0.420918367,0.027562198,17,,,,0.157524613,21,,,0.579081633,0.440528634,0.287812041,0.271659325,0.039034847,11,0.046413502,0.35443038,0.071729958
174066,University of Minnesota-Twin Cities,"Public, 4-year or above",Mixed Undergraduate/Graduate-Doctorate Large,Yes,No,2025,3457,0.294474978,0.156204802,0.000867804,0.001157073,0.02198438,0.139137981,,,,,,,,0.06065511,60,0.451547585,0.162279433,0.386172982,0.050961966,30,,,,0.164556962,22,,,0.613827018,0.481621112,0.290292177,0.228086711,0.066839343,27,0.113924051,0.253164557,0.126582278
127060,University of Denver,"Private not-for-profit, 4-year or above",Mixed Undergraduate/Graduate-Doctorate Medium,No,No,2025,744,0.295698925,0.220430108,0,0,0,0.126344086,,,,,,,,0.023665557,13,0.516129032,0.126344086,0.357526882,0.109017054,67,,,,0.17440225,23,,,0.642473118,0.460251046,0.343096234,0.19665272,0.092220789,44,0.185654008,0.054852321,0.282700422
132903,University of Central Florida,"Public, 4-year or above",Mixed Undergraduate/Graduate-Doctorate Large,Yes,No,2025,1656,0.219202899,0.213768116,0.000603865,0.000603865,0.001207729,0.14794686,,,,,,,,0.085670747,98,0.433574879,0.149758454,0.416666667,0.015557043,8,,,,0.17721519,24,,,0.583333333,0.376811594,0.368530021,0.254658385,0.055000506,20,0.084388186,0.41350211,0.033755274
232186,George Mason University,"Public, 4-year or above",Mixed Undergraduate/Graduate-Doctorate Large,No,No,2025,1448,0.256906077,0.234116022,0.000690608,0.001381215,0.00621547,0.125,,,,,,,,0.058895746,57,0.491712707,0.132596685,0.375690608,0.078208371,43,,,,0.182841069,25,,,0.624309392,0.413716814,0.384955752,0.201327434,0.074604019,30,0.126582278,0.240506329,0.181434599
104151,Arizona State University Campus Immersion,"Public, 4-year or above",Mixed Undergraduate/Graduate-Doctorate Large,No,No,2025,3411,0.210202287,0.186455585,0,0.000879507,0.009088244,0.141307534,,,,,,,,0.076989281,86,0.396657872,0.151275286,0.452066843,0.04600855,29,,,,0.185654008,26,,,0.547933157,0.385232745,0.356875334,0.257891921,0.052405372,17,0.071729958,0.362869198,0.122362869
167358,Northeastern University,"Private not-for-profit, 4-year or above",Mixed Undergraduate/Graduate-Doctorate Large,No,No,2025,1653,0.245614035,0.139140956,0,0,0.01814882,0.153055051,,,,,,,,0.08166234,93,0.384754991,0.171203872,0.444041137,0.060882908,37,,,,0.209563994,27,,,0.555958863,0.441784548,0.282916213,0.275299238,0.054923499,19,0.080168776,0.392405063,0.156118143
131450,Gallaudet University,"Private not-for-profit, 4-year or above",Mixed Undergraduate/Graduate-Doctorate Small,No,No,2025,200,0.3,0.155,0.01,0.005,0.055,0.09,,,,,,,,0.072292969,76,0.465,0.15,0.385,0.054155298,33,,,,0.210970464,28,,,0.615,0.495934959,0.341463415,0.162601626,0.088323271,41,0.172995781,0.320675105,0.139240506
149231,Southern Illinois University-Edwardsville,"Public, 4-year or above",Mixed Undergraduate/Graduate-Doctorate Medium,Yes,No,2025,604,0.312913907,0.193708609,0,0,0.011589404,0.122516556,,,,,,,,0.051394834,47,0.506622517,0.13410596,0.359271523,0.100158952,61,,,,0.215189873,29,,,0.640728477,0.488372093,0.320413437,0.19121447,0.092233491,45,0.189873418,0.198312236,0.257383966
178420,University of Missouri-St Louis,"Public, 4-year or above",Mixed Undergraduate/Graduate-Doctorate Medium,No,No,2025,338,0.207100592,0.227810651,0,0.00591716,0.01183432,0.124260355,,,,,,,,0.109323552,131,0.434911243,0.142011834,0.423076923,0.005777159,3,,,,0.222222222,30,,,0.576923077,0.369230769,0.415384615,0.215384615,0.065225252,24,0.101265823,0.552742616,0.012658228
199148,University of North Carolina at Greensboro,"Public, 4-year or above",Mixed Undergraduate/Graduate-Doctorate Large,No,No,2025,810,0.234567901,0.19382716,0,0,0,0.172839506,,,,,,,,0.092947315,110,0.428395062,0.172839506,0.398765432,0.044988404,27,,,,0.222222222,31,,,0.601234568,0.390143737,0.32238193,0.287474333,0.062731529,21,0.088607595,0.464135021,0.113924051
239105,Marquette University,"Private not-for-profit, 4-year or above",Mixed Undergraduate/Graduate-Doctorate Medium,Yes,No,2025,671,0.208643815,0.229508197,0,0,0.004470939,0.123695976,,,,,,,,0.108388491,128,0.438152012,0.128166915,0.433681073,0.013002068,7,,,,0.225035162,32,,,0.566318927,0.368421053,0.413157895,0.218421053,0.066005349,25,0.105485232,0.540084388,0.029535865
130943,University of Delaware,"Public, 4-year or above",Mixed Undergraduate/Graduate-Doctorate Large,No,No,2025,1211,0.280759703,0.235342692,0,0.000825764,0.003303055,0.13790256,,,,,,,,0.031360932,19,0.516102395,0.142031379,0.341866226,0.119075916,79,,,,0.225035162,32,,,0.658133774,0.427854454,0.362609787,0.209535759,0.106765751,62,0.261603376,0.080168776,0.333333333
126614,University of Colorado Boulder,"Public, 4-year or above",Mixed Undergraduate/Graduate-Doctorate Large,No,No,2025,1753,0.290929835,0.20878494,0.000570451,0,0.010838562,0.15687393,,,,,,,,0.024995548,14,0.500285225,0.167712493,0.332002282,0.120153991,82,,,,0.230661041,33,,,0.667997718,0.435525192,0.328778822,0.235695986,0.111985234,68,0.286919831,0.05907173,0.345991561
195003,Rochester Institute of Technology,"Private not-for-profit, 4-year or above",Mixed Undergraduate/Graduate-Doctorate Medium,No,No,2025,1059,0.218130312,0.208687441,0.002832861,0,0.003777148,0.163361662,,,,,,,,0.104317517,120,0.429650614,0.16713881,0.403210576,0.037672234,21,,,,0.230661041,34,,,0.596789424,0.365506329,0.356012658,0.278481013,0.065033448,23,0.097046414,0.506329114,0.088607595
133951,Florida International University,"Public, 4-year or above",Mixed Undergraduate/Graduate-Doctorate Large,Yes,No,2025,1471,0.206662135,0.171312033,0.00067981,0,0.004758668,0.094493542,,,,,,,,0.037141119,30,0.378653977,0.099252209,0.522093814,0.116173242,73,,,,0.23628692,35,,,0.477906186,0.432432432,0.368421053,0.199146515,0.109549326,65,0.274261603,0.126582278,0.308016878
139658,Emory University,"Private not-for-profit, 4-year or above",Mixed Undergraduate/Graduate-Doctorate Medium,Yes,Yes,2025,1681,0.297441999,0.177275431,0,0.001784652,0.004164188,0.162403331,,,,,,,,0.06978745,72,0.47471743,0.168352171,0.356930399,0.08700635,52,,,,0.239099859,36,,,0.643069601,0.465309898,0.282146161,0.252543941,0.093005229,46,0.194092827,0.303797468,0.219409283
201645,Case Western Reserve University,"Private not-for-profit, 4-year or above",Mixed Undergraduate/Graduate-Doctorate Medium,Yes,No,2025,1249,0.304243395,0.128102482,0,0,0.020016013,0.117694155,,,,,,,,0.117473197,138,0.432345877,0.137710168,0.429943955,0.002802791,2,,,,0.240506329,37,,,0.570056045,0.533707865,0.259831461,0.206460674,0.074915333,31,0.130801688,0.582278481,0.008438819
236948,University of Washington-Seattle Campus,"Public, 4-year or above",Mixed Undergraduate/Graduate-Doctorate Large,Yes,Yes,2025,5475,0.28913242,0.168219178,0,0,0.000365297,0.166940639,,,,,,,,0.087288804,102,0.457351598,0.167305936,0.375342466,0.064163638,39,,,,0.244725738,38,,,0.624657534,0.462865497,0.269883041,0.267251462,0.079489736,33,0.139240506,0.430379747,0.164556962
136172,University of North Florida,"Public, 4-year or above",Mixed Undergraduate/Graduate-Doctorate Medium,No,No,2025,605,0.219834711,0.209917355,0,0,0.001652893,0.170247934,,,,,,,,0.106544041,125,0.429752066,0.171900826,0.398347107,0.044417606,26,,,,0.251758087,39,,,0.601652893,0.365384615,0.351648352,0.282967033,0.071266792,28,0.11814346,0.52742616,0.109704641
228723,Texas A & M University-College Station,"Public, 4-year or above",Mixed Undergraduate/Graduate-Doctorate Large,Yes,No,2025,3625,0.299034483,0.136275862,0,0.004965517,0.012689655,0.14537931,,,,,,,,0.111783556,132,0.435310345,0.163034483,0.401655172,0.035621553,20,,,,0.254571027,40,,,0.598344828,0.508068234,0.248962656,0.24296911,0.073231901,29,0.122362869,0.556962025,0.084388186
216597,Villanova University,"Private not-for-profit, 4-year or above",Mixed Undergraduate/Graduate-Doctorate Medium,No,No,2025,782,0.240409207,0.240409207,0.008951407,0,0.008951407,0.131713555,,,,,,,,0.087254123,101,0.489769821,0.140664962,0.369565217,0.080836019,45,,,,0.257383966,41,,,0.630434783,0.381338742,0.395537525,0.223123732,0.084843424,37,0.156118143,0.426160338,0.189873418
214777,Pennsylvania State University-Main Campus,"Public, 4-year or above",Mixed Undergraduate/Graduate-Doctorate Large,Yes,Yes,2025,4096,0.234619141,0.129150391,0.000488281,0.003417969,0.010253906,0.111572266,,,,,,,,0.067872303,69,0.364257813,0.125244141,0.510498047,0.108866851,65,,,,0.261603376,42,,,0.489501953,0.486284289,0.28478803,0.228927681,0.100138035,52,0.219409283,0.291139241,0.274261603
224554,Texas A & M University-Commerce,"Public, 4-year or above",Mixed Undergraduate/Graduate-Doctorate Medium,No,No,2025,353,0.271954674,0.161473088,0.005665722,0,0.073654391,0.147308782,,,,,,,,0.042335803,38,0.439093484,0.220963173,0.339943343,0.120346721,83,,,,0.270042194,43,,,0.660056657,0.412017167,0.356223176,0.231759657,0.113353597,71,0.299578059,0.160337553,0.35021097
217882,Clemson University,"Public, 4-year or above",Mixed Undergraduate/Graduate-Doctorate Large,No,No,2025,1560,0.276923077,0.199358974,0,0,0.003846154,0.178205128,,,,,,,,0.067872524,70,0.476282051,0.182051282,0.341666667,0.105319072,64,,,,0.277074543,44,,,0.658333333,0.420642648,0.308666018,0.270691334,0.106912397,63,0.265822785,0.29535865,0.270042194
131520,Howard University,"Private not-for-profit, 4-year or above",Mixed Undergraduate/Graduate-Doctorate Medium,Yes,Yes,2025,1026,0.230994152,0.233918129,0.001949318,0.000974659,0.024366472,0.138401559,,,,,,,,0.106567186,126,0.466861598,0.16374269,0.369395712,0.07159676,42,,,,0.286919831,45,,,0.630604288,0.367851623,0.409582689,0.222565688,0.083762518,36,0.151898734,0.53164557,0.17721519
126818,Colorado State University-Fort Collins,"Public, 4-year or above",Mixed Undergraduate/Graduate-Doctorate Large,Yes,No,2025,1540,0.302597403,0.222727273,0,0.007792208,0.013636364,0.148701299,,,,,,,,0.002315284,2,0.525324675,0.17012987,0.304545455,0.156705039,109,,,,0.289732771,46,,,0.695454545,0.446311858,0.339869281,0.213818861,0.141680804,95,0.400843882,0.008438819,0.459915612
204796,Ohio State University-Main Campus,"Public, 4-year or above",Mixed Undergraduate/Graduate-Doctorate Large,Yes,Yes,2025,5406,0.219015908,0.135405105,0.001664817,0,0.003329634,0.125971143,,,,,,,,0.070898036,74,0.356085831,0.129300777,0.514613393,0.116865793,75,,,,0.289732771,46,,,0.485386607,0.451219512,0.285823171,0.262957317,0.104276234,57,0.240506329,0.312236287,0.316455696
199139,University of North Carolina at Charlotte,"Public, 4-year or above",Mixed Undergraduate/Graduate-Doctorate Large,No,No,2025,1150,0.266086957,0.233043478,0,0,0.002608696,0.164347826,,,,,,,,0.058743488,54,0.499130435,0.166956522,0.333913043,0.11780985,78,,,,0.29254571,47,,,0.666086957,0.399477807,0.353785901,0.246736292,0.116012877,76,0.320675105,0.227848101,0.329113924
147767,Northwestern University,"Private not-for-profit, 4-year or above",Mixed Undergraduate/Graduate-Doctorate Large,Yes,No,2025,2494,0.308740978,0.119085806,0.001603849,0,0.013231756,0.114274258,,,,,,,,0.147572896,164,0.429430634,0.127506014,0.443063352,0.019520178,10,,,,0.298171589,48,,,0.556936648,0.554355652,0.237580994,0.208063355,0.085811021,38,0.160337553,0.691983122,0.042194093
240453,University of Wisconsin-Milwaukee,"Public, 4-year or above",Mixed Undergraduate/Graduate-Doctorate Large,No,No,2025,891,0.24691358,0.258136925,0,0,0,0.121212121,,,,,,,,0.093250327,111,0.505050505,0.121212121,0.373737374,0.091221592,54,,,,0.298171589,48,,,0.626262626,0.394265233,0.41218638,0.193548387,0.094992836,47,0.198312236,0.46835443,0.227848101
228778,The University of Texas at Austin,"Public, 4-year or above",Mixed Undergraduate/Graduate-Doctorate Large,Yes,Yes,2025,2951,0.326668926,0.162995595,0,0.000338868,0.002710945,0.140630295,,,,,,,,0.103727592,118,0.489664521,0.143680108,0.366655371,0.083005043,47,,,,0.303797468,49,,,0.633344629,0.516318887,0.261637239,0.222043874,0.099861691,51,0.215189873,0.497890295,0.198312236
117946,Loyola Marymount University,"Private not-for-profit, 4-year or above",Mixed Undergraduate/Graduate-Doctorate Medium,No,No,2025,679,0.304860088,0.181148748,0.004418262,0,0.010309278,0.166421208,,,,,,,,0.066216939,67,0.490427099,0.176730486,0.332842415,0.116888418,76,,,,0.310829817,50,,,0.667157585,0.456953642,0.286975717,0.25607064,0.116797766,78,0.329113924,0.282700422,0.320675105
221999,Vanderbilt University,"Private not-for-profit, 4-year or above",Mixed Undergraduate/Graduate-Doctorate Medium,Yes,No,2025,1250,0.3168,0.1392,0,0,0.0032,0.1496,,,,,,,,0.131271039,150,0.456,0.1528,0.3912,0.04504185,28,,,,0.310829817,51,,,0.6088,0.520367937,0.23390276,0.245729304,0.089607326,43,0.181434599,0.632911392,0.11814346
207500,University of Oklahoma-Norman Campus,"Public, 4-year or above",Mixed Undergraduate/Graduate-Doctorate Large,No,No,2025,1476,0.241869919,0.221544715,0,0,0.009485095,0.176151762,,,,,,,,0.094487672,112,0.463414634,0.185636856,0.350948509,0.094722018,57,,,,0.312236287,52,,,0.649051491,0.372651357,0.355949896,0.271398747,0.102186602,53,0.223628692,0.47257384,0.240506329
221759,The University of Tennessee-Knoxville,"Public, 4-year or above",Mixed Undergraduate/Graduate-Doctorate Large,Yes,No,2025,2035,0.263390663,0.150859951,0,0.002457002,0.013759214,0.19017199,,,,,,,,0.118079618,139,0.414250614,0.206388206,0.379361179,0.085333072,49,,,,0.323488045,53,,,0.620638821,0.42834521,0.265241489,0.306413302,0.088642164,42,0.17721519,0.58649789,0.206751055
104179,University of Arizona,"Public, 4-year or above",Mixed Undergraduate/Graduate-Doctorate Large,Yes,No,2025,2219,0.32942767,0.188373141,0.000450653,0.000450653,0.010365029,0.1306895,,,,,,,,0.067000089,68,0.518251465,0.141505183,0.340243353,0.121722022,84,,,,0.324894515,54,,,0.659756647,0.5,0.301229508,0.198770492,0.117021298,79,0.333333333,0.286919831,0.35443038
159391,Louisiana State University and Agricultural & Mechanical College,"Public, 4-year or above",Mixed Undergraduate/Graduate-Doctorate Large,Yes,No,2025,1432,0.276536313,0.198324022,0.002094972,0.000698324,0.007681564,0.18226257,,,,,,,,0.074523389,81,0.476955307,0.190642458,0.332402235,0.116820552,74,,,,0.326300985,55,,,0.667597765,0.415271967,0.308577406,0.276150628,0.116046298,77,0.324894515,0.341772152,0.312236287
123961,University of Southern California,"Private not-for-profit, 4-year or above",Mixed Undergraduate/Graduate-Doctorate Large,Yes,Yes,2025,2430,0.332510288,0.148559671,0,0,0.00617284,0.125102881,,,,,,,,0.12930626,147,0.481069959,0.13127572,0.387654321,0.06253286,38,,,,0.327707454,56,,,0.612345679,0.543010753,0.252688172,0.204301075,0.095578596,48,0.202531646,0.620253165,0.160337553
153658,University of Iowa,"Public, 4-year or above",Mixed Undergraduate/Graduate-Doctorate Large,Yes,Yes,2025,2611,0.213711222,0.133282267,0,0.000382995,0.00612792,0.133282267,,,,,,,,0.078374752,87,0.346993489,0.139793183,0.513213328,0.121737409,85,,,,0.327707454,56,,,0.486786672,0.439811172,0.28638867,0.273800157,0.106109142,61,0.257383966,0.367088608,0.358649789
168148,Tufts University,"Private not-for-profit, 4-year or above",Mixed Undergraduate/Graduate-Doctorate Medium,Yes,No,2025,1030,0.217475728,0.132038835,0,0,0.003883495,0.108737864,,,,,,,,0.05396468,51,0.349514563,0.112621359,0.537864078,0.141056487,99,,,,0.327707454,56,,,0.462135922,0.470588235,0.294117647,0.235294118,0.126777713,83,0.35021097,0.215189873,0.417721519
146719,Loyola University Chicago,"Private not-for-profit, 4-year or above",Mixed Undergraduate/Graduate-Doctorate Medium,Yes,No,2025,957,0.198537095,0.190177638,0.002089864,0.001044932,0.008359457,0.182863114,,,,,,,,0.145813692,162,0.390804598,0.192267503,0.4169279,0.069354821,41,,,,0.333333333,57,,,0.5830721,0.342293907,0.340501792,0.317204301,0.08171452,34,0.143459916,0.683544304,0.172995781
200332,North Dakota State University-Main Campus,"Public, 4-year or above",Mixed Undergraduate/Graduate-Doctorate Medium,No,No,2025,446,0.295964126,0.248878924,0,0.002242152,0.004484305,0.141255605,,,,,,,,0.033940423,22,0.544843049,0.147982063,0.307174888,0.164250938,115,,,,0.333333333,57,,,0.692825112,0.430420712,0.365695793,0.203883495,0.146228331,100,0.421940928,0.092827004,0.485232068
142285,University of Idaho,"Public, 4-year or above",Mixed Undergraduate/Graduate-Doctorate Medium,Yes,No,2025,553,0.316455696,0.2079566,0,0,0.005424955,0.162748644,,,,,,,,0.037358637,32,0.524412297,0.168173599,0.307414105,0.153534535,107,,,,0.333333333,57,,,0.692585895,0.45691906,0.308093995,0.234986945,0.144561087,98,0.41350211,0.135021097,0.451476793
137351,University of South Florida,"Public, 4-year or above",Mixed Undergraduate/Graduate-Doctorate Large,Yes,No,2025,2289,0.189602446,0.135430319,0,0.003494976,0.006989952,0.100917431,,,,,,,,0.020237156,9,0.325032765,0.111402359,0.563564875,0.176078043,124,,,,0.338959212,58,,,0.436435125,0.442442442,0.326326326,0.231231231,0.158222917,108,0.455696203,0.037974684,0.523206751
227216,University of North Texas,"Public, 4-year or above",Mixed Undergraduate/Graduate-Doctorate Large,No,No,2025,1248,0.280448718,0.170673077,0,0,0.010416667,0.192307692,,,,,,,,0.101302498,117,0.451121795,0.202724359,0.346153846,0.105086212,63,,,,0.347398031,59,,,0.653846154,0.428921569,0.276960784,0.294117647,0.111022857,67,0.282700422,0.493670886,0.265822785
184782,Rowan University,"Public, 4-year or above",Mixed Undergraduate/Graduate-Doctorate Large,Yes,No,2025,861,0.169570267,0.243902439,0.015098722,0.004645761,0.009291521,0.12659698,,,,,,,,0.179614355,186,0.428571429,0.140534262,0.430894309,0.006233877,4,,,,0.348804501,60,,,0.569105691,0.306122449,0.444897959,0.248979592,0.105134752,58,0.244725738,0.784810127,0.016877637
232025,Emory & Henry University,"Private not-for-profit, 4-year or above",Mixed Undergraduate/Graduate-Doctorate Small,No,No,2025,86,0.220930233,0.209302326,0,0,0,0.197674419,,,,,,,,0.137461316,156,0.430232558,0.197674419,0.372093023,0.081061542,46,,,,0.361462729,61,,,0.627906977,0.351851852,0.333333333,0.314814815,0.102817534,55,0.232067511,0.658227848,0.194092827
186380,Rutgers University-New Brunswick,"Public, 4-year or above",Mixed Undergraduate/Graduate-Doctorate Large,Yes,Yes,2025,3522,0.247870528,0.115843271,0,0.002839296,0.010505395,0.108177172,,,,,,,,0.104953194,122,0.363713799,0.121521863,0.514764338,0.112991843,70,,,,0.362869198,62,,,0.485235662,0.516676419,0.260386191,0.22293739,0.110040466,66,0.278481013,0.514767932,0.29535865
233921,Virginia Polytechnic Institute and State University,"Public, 4-year or above",Mixed Undergraduate/Graduate-Doctorate Large,Yes,No,2025,2239,0.270209915,0.215274676,0.000446628,0.001786512,0.012505583,0.184010719,,,,,,,,0.073339303,78,0.485931219,0.198302814,0.315765967,0.137134842,95,,,,0.365682138,63,,,0.684234033,0.397519582,0.332898172,0.269582245,0.133022567,87,0.367088608,0.329113924,0.400843882
231624,William & Mary,"Public, 4-year or above",Mixed Undergraduate/Graduate-Doctorate Medium,No,No,2025,725,0.328275862,0.211034483,0,0.004137931,0.009655172,0.155862069,,,,,,,,0.035184248,27,0.539310345,0.169655172,0.291034483,0.175492708,121,,,,0.367088608,64,,,0.708965517,0.468871595,0.311284047,0.219844358,0.162440738,113,0.476793249,0.113924051,0.510548523
227368,The University of Texas Rio Grande Valley,"Public, 4-year or above",Mixed Undergraduate/Graduate-Doctorate Large,Yes,Yes,2025,1407,0.201137171,0.136460554,0,0.002132196,0.005685856,0.135749822,,,,,,,,0.082880301,96,0.337597726,0.143567875,0.518834399,0.132480707,93,,,,0.368495077,65,,,0.481165601,0.422451994,0.295420975,0.282127031,0.114645743,73,0.308016878,0.405063291,0.392405063
131496,Georgetown University,"Private not-for-profit, 4-year or above",Mixed Undergraduate/Graduate-Doctorate Large,Yes,No,2025,1363,0.33382245,0.134262656,0.001467351,0.01540719,0.011738811,0.114453412,,,,,,,,0.161529184,176,0.469552458,0.141599413,0.388848129,0.052986151,32,,,,0.368495077,66,,,0.611151871,0.571428571,0.238895558,0.18967587,0.102800296,54,0.227848101,0.742616034,0.135021097
164924,Boston College,"Private not-for-profit, 4-year or above",Mixed Undergraduate/Graduate-Doctorate Medium,No,No,2025,932,0.327253219,0.181330472,0,0,0.003218884,0.160944206,,,,,,,,0.078943341,88,0.508583691,0.16416309,0.327253219,0.127870458,88,,,,0.368495077,66,,,0.672746781,0.486443381,0.274322169,0.23923445,0.131149488,86,0.362869198,0.371308017,0.371308017
131469,George Washington University,"Private not-for-profit, 4-year or above",Mixed Undergraduate/Graduate-Doctorate Large,Yes,No,2025,1198,0.318864775,0.204507513,0,0,0.016694491,0.069282137,,,,,,,,0.129731728,149,0.523372287,0.085976628,0.390651085,0.110521631,69,,,,0.375527426,67,,,0.609348915,0.523287671,0.363013699,0.11369863,0.096285551,49,0.206751055,0.628691983,0.291139241
167987,University of Massachusetts-Dartmouth,"Public, 4-year or above",Mixed Undergraduate/Graduate-Doctorate Medium,No,No,2025,381,0.320209974,0.233595801,0,0,0.015748031,0.112860892,,,,,,,,0.061233796,62,0.553805774,0.128608924,0.317585302,0.163310505,113,,,,0.375527426,67,,,0.682414698,0.469230769,0.365384615,0.165384615,0.139964598,92,0.388185654,0.261603376,0.476793249
163286,University of Maryland-College Park,"Public, 4-year or above",Mixed Undergraduate/Graduate-Doctorate Large,Yes,No,2025,2068,0.33172147,0.188588008,0.000483559,0,0.002417795,0.15860735,,,,,,,,0.072679789,77,0.520793037,0.161025145,0.318181818,0.141722971,100,,,,0.381153305,68,,,0.681818182,0.486524823,0.280141844,0.233333333,0.140329362,94,0.396624473,0.324894515,0.421940928
230764,University of Utah,"Public, 4-year or above",Mixed Undergraduate/Graduate-Doctorate Large,Yes,Yes,2025,2459,0.297681985,0.167547784,0.001220008,0.012200081,0.022773485,0.181374542,,,,,,,,0.079337173,89,0.466449776,0.216348109,0.317202115,0.138931014,97,,,,0.385372714,69,,,0.682797885,0.453841572,0.278737344,0.267421084,0.134201811,88,0.371308017,0.375527426,0.4092827
160621,Southern University and A & M College,"Public, 4-year or above",Mixed Undergraduate/Graduate-Doctorate Medium,No,No,2025,281,0.213523132,0.117437722,0.007117438,0,0.053380783,0.167259786,,,,,,,,0.120687008,141,0.338078292,0.220640569,0.441281139,0.126548783,87,,,,0.390998594,70,,,0.558718861,0.382165605,0.305732484,0.312101911,0.097195025,50,0.210970464,0.594936709,0.367088608
163268,University of Maryland-Baltimore County,"Public, 4-year or above",Mixed Undergraduate/Graduate-Doctorate Medium,No,No,2025,620,0.262903226,0.224193548,0,0.001612903,0.016129032,0.182258065,,,,,,,,0.080151469,90,0.487096774,0.2,0.312903226,0.140652741,98,,,,0.392405063,71,,,0.687096774,0.384976526,0.349765258,0.265258216,0.136488592,91,0.383966245,0.379746835,0.41350211
233374,University of Richmond,"Private not-for-profit, 4-year or above",Mixed Undergraduate/Graduate-Doctorate Medium,No,No,2025,464,0.299568966,0.245689655,0.002155172,0,0.010775862,0.157327586,,,,,,,,0.035332636,28,0.547413793,0.168103448,0.284482759,0.185246833,132,,,,0.393811533,72,,,0.715517241,0.418674699,0.358433735,0.222891566,0.167522681,120,0.506329114,0.11814346,0.556962025
209551,University of Oregon,"Public, 4-year or above",Mixed Undergraduate/Graduate-Doctorate Large,No,No,2025,1105,0.2760181,0.257013575,0,0,0.004524887,0.16199095,,,,,,,,0.06516686,65,0.533031674,0.166515837,0.300452489,0.163831085,114,,,,0.402250352,73,,,0.699547511,0.394566624,0.373868047,0.23156533,0.155116243,107,0.451476793,0.274261603,0.481012658
240444,University of Wisconsin-Madison,"Public, 4-year or above",Mixed Undergraduate/Graduate-Doctorate Large,Yes,Yes,2025,4117,0.274714598,0.098858392,0,0,0,0.147923245,,,,,,,,0.182130805,190,0.37357299,0.147923245,0.478503765,0.079193857,44,,,,0.407876231,74,,,0.521496235,0.526781556,0.189566837,0.283651607,0.103123935,56,0.23628692,0.801687764,0.185654008
175856,Jackson State University,"Public, 4-year or above",Mixed Undergraduate/Graduate-Doctorate Medium,No,No,2025,307,0.234527687,0.218241042,0.003257329,0,0.058631922,0.149837134,,,,,,,,0.123141664,143,0.456026059,0.208469055,0.335504886,0.117713306,77,,,,0.41068917,75,,,0.664495114,0.352941176,0.416666667,0.230392157,0.114267781,72,0.303797468,0.603375527,0.324894515
160755,Tulane University of Louisiana,"Private not-for-profit, 4-year or above",Mixed Undergraduate/Graduate-Doctorate Medium,Yes,Yes,2025,1609,0.18147918,0.124300808,0,0.004350528,0.009322561,0.098819142,,,,,,,,0.028139983,18,0.305779988,0.112492231,0.581727781,0.201897633,142,,,,0.41068917,75,,,0.418272219,0.444279346,0.319465082,0.236255572,0.180582026,132,0.556962025,0.075949367,0.599156118
224147,Texas A & M University-Corpus Christi,"Public, 4-year or above",Mixed Undergraduate/Graduate-Doctorate Medium,No,No,2025,418,0.253588517,0.200956938,0.004784689,0.002392344,0.019138756,0.193779904,,,,,,,,0.104364869,121,0.459330144,0.215311005,0.325358852,0.130343269,90,,,,0.41209564,76,,,0.674641148,0.379432624,0.326241135,0.294326241,0.126112032,82,0.345991561,0.510548523,0.379746835
110644,University of California-Davis,"Public, 4-year or above",Mixed Undergraduate/Graduate-Doctorate Large,Yes,Yes,2025,2885,0.326516464,0.122357019,0,0,0,0.09220104,,,,,,,,0.197915029,199,0.448873484,0.09220104,0.458925477,0.058119658,36,,,,0.41350211,77,,,0.541074523,0.603459321,0.226137092,0.170403587,0.105158873,59,0.248945148,0.839662447,0.151898734
228787,The University of Texas at Dallas,"Public, 4-year or above",Mixed Undergraduate/Graduate-Doctorate Large,No,No,2025,1014,0.25739645,0.144970414,0,0,0.003944773,0.211045365,,,,,,,,0.162116251,178,0.402366864,0.214990138,0.382642998,0.093883212,56,,,,0.41350211,78,,,0.617357002,0.416932907,0.241214058,0.341853035,0.105619046,60,0.253164557,0.751054852,0.23628692
222831,Angelo State University,"Public, 4-year or above",Mixed Undergraduate/Graduate-Doctorate Medium,No,No,2025,303,0.290429043,0.191419142,0.00330033,0,0,0.194719472,,,,,,,,0.096664201,114,0.485148515,0.194719472,0.320132013,0.131729613,92,,,,0.414908579,79,,,0.679867987,0.427184466,0.281553398,0.291262136,0.135633652,89,0.375527426,0.481012658,0.388185654
139959,University of Georgia,"Public, 4-year or above",Mixed Undergraduate/Graduate-Doctorate Large,Yes,No,2025,2360,0.325,0.2,0,0.000423729,0.006779661,0.178389831,,,,,,,,0.060224907,59,0.525,0.18559322,0.28940678,0.172230473,120,,,,0.416315049,80,,,0.71059322,0.457960644,0.290995826,0.25104353,0.166791316,117,0.493670886,0.248945148,0.506329114
140447,Mercer University,"Private not-for-profit, 4-year or above",Mixed Undergraduate/Graduate-Doctorate Medium,Yes,No,2025,473,0.249471459,0.171247357,0.002114165,0.00422833,0.031712474,0.198731501,,,,,,,,0.112611045,133,0.422832981,0.234672304,0.342494715,0.128723897,89,,,,0.417721519,81,,,0.657505285,0.38585209,0.308681672,0.305466238,0.11594034,75,0.316455696,0.561181435,0.375527426
139366,Columbus State University,"Public, 4-year or above",Mixed Undergraduate/Graduate-Doctorate Medium,No,No,2025,287,0.327526132,0.226480836,0.010452962,0.010452962,0.010452962,0.146341463,,,,,,,,0.020997844,12,0.56445993,0.167247387,0.268292683,0.208173135,149,,,,0.419127989,82,,,0.731707317,0.461904762,0.323809524,0.214285714,0.18382671,137,0.578059072,0.050632911,0.628691983
110653,University of California-Irvine,"Public, 4-year or above",Mixed Undergraduate/Graduate-Doctorate Large,Yes,Yes,2025,2403,0.348730753,0.128173117,0,0,0,0.105701207,,,,,,,,0.195458499,197,0.47690387,0.105701207,0.417394923,0.055438697,34,,,,0.423347398,83,,,0.582605077,0.598571429,0.22,0.181428571,0.112545438,70,0.29535865,0.831223629,0.143459916
134097,Florida State University,"Public, 4-year or above",Mixed Undergraduate/Graduate-Doctorate Large,Yes,No,2025,1766,0.30011325,0.179501699,0.000566251,0.005096263,0.013023783,0.193091733,,,,,,,,0.088219893,103,0.4801812,0.211211778,0.308607022,0.146951107,101,,,,0.426160338,84,,,0.691392978,0.441441441,0.278460278,0.28009828,0.146075193,99,0.417721519,0.434599156,0.426160338
187985,University of New Mexico-Main Campus,"Public, 4-year or above",Mixed Undergraduate/Graduate-Doctorate Large,Yes,Yes,2025,2036,0.179764244,0.133595285,0.001473477,0.00540275,0.007858546,0.123772102,,,,,,,,0.076217688,85,0.314833006,0.137033399,0.548133595,0.169177006,117,,,,0.427566807,85,,,0.451866405,0.409782609,0.313043478,0.277173913,0.148602489,102,0.430379747,0.358649789,0.493670886
153603,Iowa State University,"Public, 4-year or above",Mixed Undergraduate/Graduate-Doctorate Large,Yes,No,2025,1409,0.332150461,0.249822569,0.000709723,0,0.002838893,0.15046132,,,,,,,,0.012142369,3,0.582682754,0.153300213,0.264017033,0.221852093,157,,,,0.428973277,86,,,0.735982967,0.451301832,0.343297975,0.205400193,0.19670047,145,0.611814346,0.012658228,0.662447257
217484,University of Rhode Island,"Public, 4-year or above",Mixed Undergraduate/Graduate-Doctorate Large,No,No,2025,774,0.279069767,0.214470284,0,0,0,0.198966408,,,,,,,,0.088834562,104,0.493540052,0.198966408,0.30749354,0.147171668,102,,,,0.434599156,87,,,0.69250646,0.402985075,0.309701493,0.287313433,0.148849498,103,0.434599156,0.438818565,0.430379747
194091,New York Institute of Technology,"Private not-for-profit, 4-year or above",Mixed Undergraduate/Graduate-Doctorate Medium,Yes,No,2025,328,0.152439024,0.262195122,0,0,0.015243902,0.125,,,,,,,,0.236296412,208,0.414634146,0.140243902,0.445121951,0.025818616,16,,,,0.434599156,87,,,0.554878049,0.274725275,0.5,0.225274725,0.129919801,85,0.358649789,0.877637131,0.067510549
110680,University of California-San Diego,"Public, 4-year or above",Mixed Undergraduate/Graduate-Doctorate Large,Yes,Yes,2025,3216,0.282338308,0.110696517,0,0,0,0.101368159,,,,,,,,0.169267167,181,0.393034826,0.101368159,0.505597015,0.095481082,59,,,,0.434599156,87,,,0.494402985,0.571069182,0.223899371,0.205031447,0.112165705,69,0.291139241,0.76371308,0.248945148
122436,University of San Diego,"Private not-for-profit, 4-year or above",Mixed Undergraduate/Graduate-Doctorate Medium,No,No,2025,518,0.347490347,0.21042471,0,0.001930502,0.013513514,0.142857143,,,,,,,,0.051034951,46,0.557915058,0.158301158,0.283783784,0.191150372,137,,,,0.436005626,88,,,0.716216216,0.48787062,0.312668464,0.199460916,0.17602665,127,0.535864979,0.194092827,0.578059072
196097,Stony Brook University,"Public, 4-year or above",Mixed Undergraduate/Graduate-Doctorate Large,Yes,Yes,2025,2373,0.194268858,0.120101138,0.000842815,0.006321113,0.00505689,0.093131058,,,,,,,,0.051477747,48,0.315212811,0.10450906,0.580278129,0.196160004,139,,,,0.443037975,89,,,0.419721871,0.477911647,0.298192771,0.223895582,0.177125306,128,0.540084388,0.202531646,0.58649789
206604,Wright State University-Main Campus,"Public, 4-year or above",Mixed Undergraduate/Graduate-Doctorate Medium,Yes,No,2025,418,0.294258373,0.126794258,0.002392344,0.035885167,0.04784689,0.033492823,,,,,,,,0.222088087,207,0.423444976,0.11722488,0.459330144,0.039615074,24,,,,0.443037975,89,,,0.540669856,0.610619469,0.32300885,0.066371681,0.126903056,84,0.35443038,0.873417722,0.101265823
235316,Gonzaga University,"Private not-for-profit, 4-year or above",Mixed Undergraduate/Graduate-Doctorate Medium,No,No,2025,452,0.340707965,0.230088496,0.002212389,0,0.015486726,0.161504425,,,,,,,,0.013506017,5,0.57300885,0.17699115,0.25,0.229046012,162,,,,0.447257384,90,,,0.75,0.454277286,0.327433628,0.218289086,0.207947068,151,0.637130802,0.021097046,0.683544304
152080,University of Notre Dame,"Private not-for-profit, 4-year or above",Mixed Undergraduate/Graduate-Doctorate Medium,No,No,2025,1323,0.34164777,0.195011338,0,0,0.009070295,0.168556311,,,,,,,,0.06465662,64,0.536659108,0.177626606,0.285714286,0.179673203,130,,,,0.447257384,90,,,0.714285714,0.478306878,0.285714286,0.235978836,0.174298718,124,0.523206751,0.270042194,0.548523207
100706,University of Alabama in Huntsville,"Public, 4-year or above",Mixed Undergraduate/Graduate-Doctorate Medium,No,No,2025,342,0.187134503,0.236842105,0,0,0.00877193,0.192982456,,,,,,,,0.182716935,191,0.423976608,0.201754386,0.374269006,0.083141619,48,,,,0.450070323,91,,,0.625730994,0.299065421,0.392523364,0.308411215,0.122857939,81,0.341772152,0.805907173,0.202531646
228796,The University of Texas at El Paso,"Public, 4-year or above",Mixed Undergraduate/Graduate-Doctorate Large,No,No,2025,799,0.182728411,0.216520651,0,0.002503129,0.015018773,0.197747184,,,,,,,,0.184120418,192,0.399249061,0.215269086,0.385481852,0.093880623,55,,,,0.451476793,92,,,0.614518148,0.301425662,0.376782077,0.321792261,0.115933888,74,0.312236287,0.810126582,0.232067511
134130,University of Florida,"Public, 4-year or above",Mixed Undergraduate/Graduate-Doctorate Large,Yes,Yes,2025,3112,0.303341902,0.166131105,0,0.01092545,0.025064267,0.19344473,,,,,,,,0.089193443,105,0.469473008,0.229434447,0.301092545,0.159781691,111,,,,0.452883263,93,,,0.698907455,0.449655172,0.273563218,0.276781609,0.154897998,106,0.447257384,0.443037975,0.46835443
232609,University of Lynchburg,"Private not-for-profit, 4-year or above",Mixed Undergraduate/Graduate-Doctorate Small,No,No,2025,123,0.333333333,0.219512195,0.008130081,0,0.048780488,0.113821138,,,,,,,,0.058768361,55,0.56097561,0.162601626,0.276422764,0.199167765,140,,,,0.457102672,94,,,0.723577236,0.460674157,0.370786517,0.168539326,0.179959015,130,0.548523207,0.232067511,0.5907173
157289,University of Louisville,"Public, 4-year or above",Mixed Undergraduate/Graduate-Doctorate Large,Yes,Yes,2025,1224,0.184640523,0.142156863,0.003267974,0.000816993,0.004084967,0.070261438,,,,,,,,0.042283381,37,0.330065359,0.075163399,0.594771242,0.206609718,147,,,,0.458509142,95,,,0.405228758,0.45766129,0.360887097,0.181451613,0.192175749,142,0.599156118,0.156118143,0.620253165
166629,University of Massachusetts-Amherst,"Public, 4-year or above",Mixed Undergraduate/Graduate-Doctorate Large,No,No,2025,1514,0.352047556,0.192866579,0,0.000660502,0.003963012,0.152575958,,,,,,,,0.080336497,91,0.544914135,0.157199472,0.297886394,0.171970508,119,,,,0.461322082,96,,,0.702113606,0.502351834,0.280338664,0.217309501,0.166867765,118,0.497890295,0.383966245,0.502109705
122931,Santa Clara University,"Private not-for-profit, 4-year or above",Mixed Undergraduate/Graduate-Doctorate Medium,No,No,2025,705,0.215602837,0.191489362,0,0,0.005673759,0.219858156,,,,,,,,0.171373492,183,0.407092199,0.225531915,0.367375887,0.108937796,66,,,,0.462728551,97,,,0.632624113,0.340807175,0.311659193,0.347533632,0.12035308,80,0.337552743,0.772151899,0.278481013
159656,Loyola University New Orleans,"Private not-for-profit, 4-year or above",Mixed Undergraduate/Graduate-Doctorate Medium,No,No,2025,250,0.22,0.148,0.008,0,0.024,0.212,,,,,,,,0.177838276,185,0.376,0.236,0.388,0.11978027,80,,,,0.462728551,98,,,0.612,0.359477124,0.281045752,0.359477124,0.108695437,64,0.270042194,0.780590717,0.337552743
182290,University of Nevada-Reno,"Public, 4-year or above",Mixed Undergraduate/Graduate-Doctorate Large,Yes,No,2025,916,0.231441048,0.280567686,0,0,0.005458515,0.150655022,,,,,,,,0.135034706,154,0.512008734,0.156113537,0.331877729,0.124998709,86,,,,0.47257384,99,,,0.668122271,0.346405229,0.428104575,0.225490196,0.142468416,96,0.405063291,0.64978903,0.362869198
209056,Lewis & Clark College,"Private not-for-profit, 4-year or above",Mixed Undergraduate/Graduate-Doctorate Small,No,No,2025,234,0.273504274,0.269230769,0,0,0.025641026,0.102564103,,,,,,,,0.125264039,144,0.542735043,0.128205128,0.329059829,0.147462238,104,,,,0.475386779,100,,,0.670940171,0.407643312,0.439490446,0.152866242,0.136132791,90,0.379746835,0.607594937,0.438818565
165015,Brandeis University,"Private not-for-profit, 4-year or above",Mixed Undergraduate/Graduate-Doctorate Medium,No,No,2025,366,0.31147541,0.158469945,0,0,0.00273224,0.204918033,,,,,,,,0.133426568,151,0.469945355,0.207650273,0.322404372,0.130947884,91,,,,0.482419128,101,,,0.677595628,0.459677419,0.237903226,0.302419355,0.147851863,101,0.426160338,0.637130802,0.383966245
209807,Portland State University,"Public, 4-year or above",Mixed Undergraduate/Graduate-Doctorate Large,No,No,2025,630,0.355555556,0.23015873,0,0,0.001587302,0.123809524,,,,,,,,0.068570211,71,0.585714286,0.125396825,0.288888889,0.206340799,146,,,,0.489451477,102,,,0.711111111,0.5,0.325892857,0.174107143,0.180061271,131,0.552742616,0.299578059,0.616033755
225511,University of Houston,"Public, 4-year or above",Mixed Undergraduate/Graduate-Doctorate Large,Yes,No,2025,1407,0.334044065,0.208244492,0,0.002132196,0.009950249,0.185501066,,,,,,,,0.056406638,53,0.542288557,0.197583511,0.260127932,0.208189634,150,,,,0.490857947,103,,,0.739872068,0.454370797,0.294908742,0.250720461,0.19836534,146,0.616033755,0.223628692,0.632911392
228705,Texas A & M University-Kingsville,"Public, 4-year or above",Mixed Undergraduate/Graduate-Doctorate Medium,No,No,2025,333,0.27027027,0.246246246,0.003003003,0,0.003003003,0.192192192,,,,,,,,0.090192623,106,0.51951952,0.195195195,0.285285285,0.175612729,122,,,,0.492264416,104,,,0.714714715,0.378151261,0.348739496,0.273109244,0.172287222,122,0.514767932,0.447257384,0.514767932
184694,Fairleigh Dickinson University-Florham Campus,"Private not-for-profit, 4-year or above",Mixed Undergraduate/Graduate-Doctorate Medium,No,Not applicable,2025,137,0.277372263,0.233576642,0.00729927,0.00729927,0.072992701,0.080291971,,,,,,,,0.145140718,161,0.518248175,0.160583942,0.321167883,0.137781323,96,,,,0.497890295,105,,,0.678832117,0.419354839,0.451612903,0.129032258,0.142487006,97,0.4092827,0.679324895,0.405063291
211088,Arcadia University,"Private not-for-profit, 4-year or above",Mixed Undergraduate/Graduate-Doctorate Small,No,No,2025,147,0.197278912,0.292517007,0.027210884,0,0.013605442,0.074829932,,,,,,,,0.211705318,204,0.517006803,0.088435374,0.394557823,0.102884404,62,,,,0.504922644,106,,,0.605442177,0.325842697,0.505617978,0.168539326,0.140074874,93,0.392405063,0.860759494,0.261603376
243780,Purdue University-Main Campus,"Public, 4-year or above",Mixed Undergraduate/Graduate-Doctorate Large,Yes,No,2025,2250,0.328444444,0.202666667,0,0.000444444,0.003555556,0.193333333,,,,,,,,0.074570567,82,0.531111111,0.197333333,0.271555556,0.193158533,138,,,,0.504922644,106,,,0.728444444,0.451494814,0.283099451,0.265405735,0.188709344,139,0.58649789,0.345991561,0.582278481
207458,Oklahoma City University,"Private not-for-profit, 4-year or above",Mixed Undergraduate/Graduate-Doctorate Small,No,No,2025,183,0.202185792,0.06557377,0.021857923,0,0.071038251,0.114754098,,,,,,,,0.090665706,108,0.289617486,0.18579235,0.524590164,0.179826068,131,,,,0.506329114,107,,,0.475409836,0.425287356,0.287356322,0.287356322,0.171150717,121,0.510548523,0.455696203,0.552742616
135726,University of Miami,"Private not-for-profit, 4-year or above",Mixed Undergraduate/Graduate-Doctorate Large,Yes,Yes,2025,1590,0.377358491,0.144025157,0,0.001886792,0.023899371,0.086792453,,,,,,,,0.185760334,193,0.521383648,0.112578616,0.366037736,0.110405715,68,,,,0.513361463,108,,,0.633962264,0.598214286,0.264880952,0.136904762,0.149190777,104,0.438818565,0.814345992,0.286919831
228149,St. Mary's University,"Private not-for-profit, 4-year or above",Mixed Undergraduate/Graduate-Doctorate Small,No,No,2025,214,0.317757009,0.191588785,0,0,0.014018692,0.200934579,,,,,,,,0.08283713,95,0.509345794,0.214953271,0.275700935,0.186109648,134,,,,0.513361463,108,,,0.724299065,0.438709677,0.283870968,0.277419355,0.183090287,136,0.573839662,0.400843882,0.565400844
184603,Fairleigh Dickinson University-Metropolitan Campus,"Private not-for-profit, 4-year or above",Mixed Undergraduate/Graduate-Doctorate Medium,No,No,2025,137,0.277372263,0.145985401,0.03649635,0,0.04379562,0.189781022,,,,,,,,0.136538031,155,0.459854015,0.233576642,0.306569343,0.156027255,108,,,,0.517580872,109,,,0.693430657,0.4,0.273684211,0.326315789,0.152603232,105,0.443037975,0.654008439,0.455696203
199120,University of North Carolina at Chapel Hill,"Public, 4-year or above",Mixed Undergraduate/Graduate-Doctorate Large,Yes,No,2025,3063,0.211557297,0.10316683,0,0.000652955,0.007182501,0.108716944,,,,,,,,0.100924889,116,0.314724127,0.1165524,0.568723474,0.18579981,133,,,,0.517580872,110,,,0.431276526,0.492051476,0.255866768,0.252081756,0.167030501,119,0.502109705,0.489451477,0.561181435
209612,Pacific University,"Private not-for-profit, 4-year or above",Mixed Undergraduate/Graduate-Doctorate Medium,No,No,2025,242,0.305785124,0.161157025,0.008264463,0,0.020661157,0.20661157,,,,,,,,0.120904728,142,0.475206612,0.227272727,0.297520661,0.162800605,112,,,,0.518987342,111,,,0.702479339,0.435294118,0.258823529,0.305882353,0.165191105,115,0.485232068,0.599156118,0.47257384
196413,Syracuse University,"Private not-for-profit, 4-year or above",Mixed Undergraduate/Graduate-Doctorate Large,No,No,2025,1191,0.277078086,0.266162888,0.000839631,0.001679261,0.004198153,0.182199832,,,,,,,,0.080672428,92,0.544080605,0.188077246,0.267842149,0.200455161,141,,,,0.526019691,112,,,0.732157851,0.380733945,0.369266055,0.25,0.192135877,141,0.594936709,0.388185654,0.594936709
165334,Clark University,"Private not-for-profit, 4-year or above",Mixed Undergraduate/Graduate-Doctorate Small,No,No,2025,213,0.314553991,0.281690141,0,0,0.004694836,0.150234742,,,,,,,,0.053561188,50,0.596244131,0.154929577,0.248826291,0.242277774,169,,,,0.52742616,113,,,0.751173709,0.41875,0.38125,0.2,0.216197322,156,0.658227848,0.210970464,0.713080169
166638,University of Massachusetts-Boston,"Public, 4-year or above",Mixed Undergraduate/Graduate-Doctorate Medium,No,No,2025,722,0.195290859,0.288088643,0.005540166,0,0.002770083,0.173130194,,,,,,,,0.189965137,194,0.488919668,0.175900277,0.335180055,0.113989569,71,,,,0.52742616,113,,,0.664819945,0.29375,0.4375,0.26875,0.16081489,110,0.464135021,0.818565401,0.299578059
240727,University of Wyoming,"Public, 4-year or above",Mixed Undergraduate/Graduate-Doctorate Medium,No,No,2025,765,0.250980392,0.20130719,0,0,0.005228758,0.230065359,,,,,,,,0.149348282,165,0.452287582,0.235294118,0.312418301,0.151494984,106,,,,0.534458509,114,,,0.687581699,0.365019011,0.300380228,0.33460076,0.158621663,109,0.459915612,0.696202532,0.447257384
122409,San Diego State University,"Public, 4-year or above",Mixed Undergraduate/Graduate-Doctorate Large,No,No,2025,1068,0.314606742,0.240636704,0.004681648,0.00093633,0.001872659,0.198501873,,,,,,,,0.063815144,63,0.559925094,0.201310861,0.238764045,0.235701391,166,,,,0.542897328,115,,,0.761235955,0.414514145,0.318573186,0.266912669,0.221102705,157,0.662447257,0.265822785,0.700421941
155317,University of Kansas,"Public, 4-year or above",Mixed Undergraduate/Graduate-Doctorate Large,Yes,No,2025,2803,0.186942562,0.105957902,0,0,0.00570817,0.101676775,,,,,,,,0.073586036,79,0.292900464,0.107384945,0.599714592,0.22445733,159,,,,0.542897328,115,,,0.400285408,0.467023173,0.278966132,0.254010695,0.200166795,148,0.624472574,0.333333333,0.670886076
137546,Stetson University,"Private not-for-profit, 4-year or above",Mixed Undergraduate/Graduate-Doctorate Medium,No,No,2025,261,0.337164751,0.233716475,0,0.003831418,0.011494253,0.195402299,,,,,,,,0.043638735,41,0.570881226,0.210727969,0.218390805,0.260427077,178,,,,0.547116737,116,,,0.781609195,0.43627451,0.31372549,0.25,0.242789778,170,0.717299578,0.172995781,0.751054852
230728,Utah State University,"Public, 4-year or above",Mixed Undergraduate/Graduate-Doctorate Large,No,No,2025,1055,0.231279621,0.229383886,0,0,0.000947867,0.226540284,,,,,,,,0.158710482,170,0.460663507,0.227488152,0.311848341,0.148389507,105,,,,0.547116737,116,,,0.688151659,0.336088154,0.334710744,0.329201102,0.164293476,114,0.481012658,0.717299578,0.443037975
193900,New York University,"Private not-for-profit, 4-year or above",Mixed Undergraduate/Graduate-Doctorate Large,Yes,No,2025,4633,0.221023095,0.093244118,0.000431686,0.002590114,0.015324844,0.095402547,,,,,,,,0.113858984,135,0.314698899,0.113317505,0.571983596,0.188711547,135,,,,0.552742616,117,,,0.428016404,0.522440746,0.253656077,0.223903177,0.174165091,123,0.518987342,0.569620253,0.569620253
188030,New Mexico State University-Main Campus,"Public, 4-year or above",Mixed Undergraduate/Graduate-Doctorate Medium,No,No,2025,740,0.255405405,0.183783784,0.002702703,0,0.010810811,0.235135135,,,,,,,,0.160413752,174,0.441891892,0.245945946,0.312162162,0.157795468,110,,,,0.555555556,118,,,0.687837838,0.371316306,0.282907662,0.345776031,0.160926772,111,0.46835443,0.734177215,0.464135021
145637,University of Illinois Urbana-Champaign,"Public, 4-year or above",Mixed Undergraduate/Graduate-Doctorate Large,Yes,No,2025,2720,0.317279412,0.181985294,0.001102941,0.000367647,0.001838235,0.213235294,,,,,,,,0.117032077,137,0.500367647,0.215441176,0.284191176,0.17585084,123,,,,0.555555556,119,,,0.715808824,0.44375963,0.256805342,0.299435028,0.181695364,135,0.569620253,0.578059072,0.518987342
229115,Texas Tech University,"Public, 4-year or above",Mixed Undergraduate/Graduate-Doctorate Large,Yes,No,2025,1570,0.257961783,0.217834395,0.000636943,0.001273885,0.013375796,0.221656051,,,,,,,,0.127982842,146,0.476433121,0.236305732,0.287261146,0.176249944,125,,,,0.556962025,120,,,0.712738854,0.363717605,0.324396783,0.311885612,0.175434957,125,0.52742616,0.616033755,0.52742616
166513,University of Massachusetts-Lowell,"Public, 4-year or above",Mixed Undergraduate/Graduate-Doctorate Large,No,No,2025,580,0.282758621,0.289655172,0,0,0.012068966,0.137931034,,,,,,,,0.099822026,115,0.572413793,0.15,0.277586207,0.204743251,144,,,,0.558368495,121,,,0.722413793,0.391408115,0.417661098,0.190930788,0.188237587,138,0.582278481,0.485232068,0.607594937
102368,Troy University,"Public, 4-year or above",Mixed Undergraduate/Graduate-Doctorate Medium,No,No,2025,443,0.158013544,0.248306998,0.033860045,0,0.018058691,0.198645598,,,,,,,,0.257305473,212,0.440180587,0.216704289,0.343115124,0.115186674,72,,,,0.562587904,122,,,0.656884876,0.240549828,0.405498282,0.35395189,0.165639668,116,0.489451477,0.894514768,0.303797468
168254,Western New England University,"Private not-for-profit, 4-year or above",Mixed Undergraduate/Graduate-Doctorate Small,No,No,2025,217,0.373271889,0.225806452,0,0.004608295,0.041474654,0.184331797,,,,,,,,0.019523425,8,0.599078341,0.230414747,0.170506912,0.319241699,197,,,,0.563994374,123,,,0.829493088,0.455555556,0.322222222,0.222222222,0.295487918,196,0.827004219,0.033755274,0.831223629
179894,Webster University,"Private not-for-profit, 4-year or above",Mixed Undergraduate/Graduate-Doctorate Medium,No,No,2025,170,0.341176471,0.229411765,0.011764706,0.011764706,0.041176471,0.188235294,,,,,,,,0.034262381,23,0.582352941,0.241176471,0.176470588,0.309380906,196,,,,0.572433193,124,,,0.823529412,0.428571429,0.328571429,0.242857143,0.280306995,188,0.793248945,0.097046414,0.827004219
159939,University of New Orleans,"Public, 4-year or above",Mixed Undergraduate/Graduate-Doctorate Medium,No,No,2025,206,0.354368932,0.291262136,0,0,0,0.150485437,,,,,,,,0.038240702,33,0.645631068,0.150485437,0.203883495,0.308502209,194,,,,0.579465541,125,,,0.796116505,0.445121951,0.365853659,0.18902439,0.271096278,185,0.780590717,0.139240506,0.818565401
202480,University of Dayton,"Private not-for-profit, 4-year or above",Mixed Undergraduate/Graduate-Doctorate Medium,No,No,2025,545,0.247706422,0.302752294,0.003669725,0,0.00733945,0.139449541,,,,,,,,0.140286968,158,0.55412844,0.146788991,0.299082569,0.176424127,126,,,,0.580872011,126,,,0.700917431,0.353403141,0.442408377,0.204188482,0.177880046,129,0.544303797,0.666666667,0.53164557
184348,Drew University,"Private not-for-profit, 4-year or above",Mixed Undergraduate/Graduate-Doctorate Small,No,No,2025,124,0.379032258,0.241935484,0,0,0,0.129032258,,,,,,,,0.074643158,83,0.620967742,0.129032258,0.25,0.258392499,177,,,,0.592123769,127,,,0.75,0.505376344,0.322580645,0.172043011,0.226901532,161,0.679324895,0.35021097,0.746835443
160904,Xavier University of Louisiana,"Private not-for-profit, 4-year or above",Mixed Undergraduate/Graduate-Doctorate Small,No,No,2025,248,0.217741935,0.153225806,0.056451613,0,0.02016129,0.225806452,,,,,,,,0.251474397,210,0.427419355,0.245967742,0.326612903,0.147458812,103,,,,0.597749648,128,,,0.673387097,0.323353293,0.25748503,0.419161677,0.161163083,112,0.47257384,0.886075949,0.434599156
235097,Eastern Washington University,"Public, 4-year or above",Mixed Undergraduate/Graduate-Doctorate Medium,No,No,2025,390,0.41025641,0.120512821,0,0,0.002564103,0.097435897,,,,,,,,0.256316679,211,0.530769231,0.1,0.369230769,0.119828004,81,,,,0.597749648,129,,,0.630769231,0.650406504,0.195121951,0.154471545,0.181071662,133,0.561181435,0.890295359,0.341772152
234030,Virginia Commonwealth University,"Public, 4-year or above",Mixed Undergraduate/Graduate-Doctorate Large,Yes,Yes,2025,2140,0.168691589,0.16682243,0.000934579,0.008878505,0.005140187,0.055140187,,,,,,,,0.115693991,136,0.336448598,0.069158879,0.594392523,0.205133808,145,,,,0.601969058,130,,,0.405607477,0.437788018,0.423963134,0.138248848,0.199334983,147,0.620253165,0.573839662,0.611814346
180489,The University of Montana,"Public, 4-year or above",Mixed Undergraduate/Graduate-Doctorate Medium,No,No,2025,530,0.383018868,0.169811321,0.001886792,0.003773585,0.039622642,0.154716981,,,,,,,,0.090341137,107,0.554716981,0.198113208,0.247169811,0.22532539,160,,,,0.603375527,131,,,0.752830189,0.513784461,0.278195489,0.20802005,0.226955062,162,0.683544304,0.451476793,0.675105485
181394,University of Nebraska at Omaha,"Public, 4-year or above",Mixed Undergraduate/Graduate-Doctorate Medium,No,No,2025,620,0.238709677,0.259677419,0.001612903,0,0.001612903,0.216129032,,,,,,,,0.146354702,163,0.5,0.217741935,0.282258065,0.178300756,129,,,,0.607594937,132,,,0.717741935,0.33258427,0.364044944,0.303370787,0.190382481,140,0.5907173,0.687763713,0.544303797
110671,University of California-Riverside,"Public, 4-year or above",Mixed Undergraduate/Graduate-Doctorate Large,Yes,Yes,2025,1098,0.347905282,0.274134791,0,0,0,0.204007286,,,,,,,,0.041067808,35,0.622040073,0.204007286,0.173952641,0.322704186,199,,,,0.607594937,132,,,0.826047359,0.421168688,0.331863286,0.246968026,0.29801539,198,0.835443038,0.147679325,0.839662447
199193,North Carolina State University at Raleigh,"Public, 4-year or above",Mixed Undergraduate/Graduate-Doctorate Large,Yes,No,2025,1912,0.371861925,0.190376569,0,0,0.009937238,0.187238494,,,,,,,,0.091437266,109,0.562238494,0.197175732,0.240585774,0.234435077,164,,,,0.613220816,133,,,0.759414226,0.489669421,0.263774105,0.246556474,0.231225875,163,0.687763713,0.459915612,0.691983122
190415,Cornell University,"Private not-for-profit, 4-year or above",Mixed Undergraduate/Graduate-Doctorate Large,Yes,No,2025,2019,0.354631005,0.174343735,0,0.002971768,0.01584943,0.204061417,,,,,,,,0.106030129,124,0.52897474,0.222882615,0.248142645,0.220005104,155,,,,0.616033755,134,,,0.751857355,0.475625823,0.252964427,0.27140975,0.221970422,159,0.670886076,0.523206751,0.654008439
213543,Lehigh University,"Private not-for-profit, 4-year or above",Mixed Undergraduate/Graduate-Doctorate Medium,No,No,2025,587,0.325383305,0.241908007,0,0,0.005110733,0.218057922,,,,,,,,0.07445154,80,0.567291312,0.223168654,0.209540034,0.269402729,181,,,,0.618846695,135,,,0.790459966,0.411637931,0.3125,0.275862069,0.256209094,179,0.755274262,0.337552743,0.76371308
141574,University of Hawaii at Manoa,"Public, 4-year or above",Mixed Undergraduate/Graduate-Doctorate Large,Yes,No,2025,1137,0.377308707,0.226912929,0,0.005277045,0.008795075,0.194371152,,,,,,,,0.058879778,56,0.604221636,0.208443272,0.187335092,0.30286483,193,,,,0.618846695,135,,,0.812664908,0.470779221,0.29004329,0.239177489,0.283771449,191,0.805907173,0.23628692,0.814345992
174914,University of St Thomas,"Private not-for-profit, 4-year or above",Mixed Undergraduate/Graduate-Doctorate Medium,No,No,2025,419,0.350835322,0.30071599,0,0.002386635,0.009546539,0.15274463,,,,,,,,0.052429816,49,0.651551313,0.164677804,0.183770883,0.328115493,202,,,,0.623066104,136,,,0.816229117,0.432748538,0.380116959,0.187134503,0.290406537,192,0.810126582,0.206751055,0.852320675
204635,Ohio Northern University,"Private not-for-profit, 4-year or above",Mixed Undergraduate/Graduate-Doctorate Small,No,No,2025,189,0.380952381,0.317460317,0.005291005,0,0,0.164021164,,,,,,,,0.035125693,26,0.703703704,0.164021164,0.132275132,0.401061599,211,,,,0.628691983,137,,,0.867724868,0.43902439,0.365853659,0.195121951,0.352420176,210,0.886075949,0.109704641,0.890295359
185590,Montclair State University,"Public, 4-year or above",Mixed Undergraduate/Graduate-Doctorate Large,No,No,2025,720,0.309722222,0.298611111,0.011111111,0,0.015277778,0.138888889,,,,,,,,0.084661472,97,0.619444444,0.154166667,0.226388889,0.274387194,184,,,,0.632911392,138,,,0.773611111,0.400359066,0.405745063,0.193895871,0.240768936,169,0.713080169,0.4092827,0.776371308
170976,University of Michigan-Ann Arbor,"Public, 4-year or above",Mixed Undergraduate/Graduate-Doctorate Large,Yes,Yes,2025,7339,0.200572285,0.096470909,0,0.000136258,0.000953808,0.08815915,,,,,,,,0.113479364,134,0.297043194,0.089249217,0.61370759,0.236029794,167,,,,0.638537271,139,,,0.38629241,0.51957672,0.252204586,0.228218695,0.214118955,153,0.64556962,0.565400844,0.70464135
129525,University of Hartford,"Private not-for-profit, 4-year or above",Mixed Undergraduate/Graduate-Doctorate Medium,No,No,2025,334,0.248502994,0.278443114,0.008982036,0.002994012,0.026946108,0.176646707,,,,,,,,0.134876132,152,0.535928144,0.206586826,0.25748503,0.209841966,152,,,,0.638537271,139,,,0.74251497,0.338709677,0.411290323,0.25,0.203909257,150,0.632911392,0.641350211,0.641350211
215442,Point Park University,"Private not-for-profit, 4-year or above",Mixed Undergraduate/Graduate-Doctorate Medium,No,No,2025,128,0.421875,0.2734375,0,0,0.0078125,0.2109375,,,,,,,,0.037265354,31,0.6953125,0.21875,0.0859375,0.437802514,212,,,,0.64556962,140,,,0.9140625,0.461538462,0.307692308,0.230769231,0.40215399,216,0.911392405,0.130801688,0.894514768
137032,Saint Leo University,"Private not-for-profit, 4-year or above",Mixed Undergraduate/Graduate-Doctorate Medium,No,No,2025,77,0.233766234,0.324675325,0.012987013,0,0,0.12987013,,,,,,,,0.168948962,180,0.571428571,0.12987013,0.298701299,0.188964965,136,,,,0.64697609,141,,,0.701298701,0.333333333,0.462962963,0.203703704,0.194777403,144,0.607594937,0.759493671,0.573839662
147703,Northern Illinois University,"Public, 4-year or above",Mixed Undergraduate/Graduate-Doctorate Medium,No,No,2025,700,0.324285714,0.31,0.002857143,0,0.004285714,0.128571429,,,,,,,,0.086855616,100,0.637142857,0.132857143,0.23,0.283789724,188,,,,0.64838256,142,,,0.77,0.421150278,0.408163265,0.170686456,0.246858338,173,0.729957806,0.421940928,0.793248945
144050,University of Chicago,"Private not-for-profit, 4-year or above",Mixed Undergraduate/Graduate-Doctorate Large,Yes,No,2025,2989,0.225828036,0.077283372,0,0.00033456,0.012044162,0.097691536,,,,,,,,0.159598966,173,0.303111408,0.110070258,0.586818334,0.207796754,148,,,,0.652601969,143,,,0.413181666,0.547368421,0.216194332,0.236437247,0.193638896,143,0.603375527,0.729957806,0.624472574
127741,University of Northern Colorado,"Public, 4-year or above",Mixed Undergraduate/Graduate-Doctorate Medium,No,No,2025,389,0.385604113,0.18251928,0,0.002570694,0.01285347,0.185089974,,,,,,,,0.105409779,123,0.568123393,0.200514139,0.231362468,0.245857188,170,,,,0.654008439,144,,,0.768637532,0.505016722,0.254180602,0.240802676,0.245164099,172,0.725738397,0.518987342,0.717299578
190594,CUNY Hunter College,"Public, 4-year or above",Mixed Undergraduate/Graduate-Doctorate Large,No,No,2025,539,0.41187384,0.302411874,0.016697588,0.001855288,0.024118738,0.146567718,,,,,,,,0.043224998,40,0.730983302,0.172541744,0.096474954,0.446392357,214,,,,0.655414909,145,,,0.903525046,0.457905544,0.361396304,0.180698152,0.388295504,212,0.894514768,0.168776371,0.902953586
182670,Dartmouth College,"Private not-for-profit, 4-year or above",Mixed Undergraduate/Graduate-Doctorate Medium,Yes,No,2025,770,0.390909091,0.21038961,0,0.005194805,0.027272727,0.202597403,,,,,,,,0.066083028,66,0.601298701,0.235064935,0.163636364,0.327276593,201,,,,0.656821378,146,,,0.836363636,0.473602484,0.284161491,0.242236025,0.310277785,200,0.843881857,0.278481013,0.848101266
227757,Rice University,"Private not-for-profit, 4-year or above",Mixed Undergraduate/Graduate-Doctorate Medium,No,No,2025,851,0.372502938,0.168037603,0,0.004700353,0.002350176,0.199764982,,,,,,,,0.134952234,153,0.540540541,0.206815511,0.252643948,0.216104415,154,,,,0.656821378,146,,,0.747356052,0.504716981,0.227987421,0.267295597,0.226247696,160,0.675105485,0.64556962,0.64978903
176080,Mississippi State University,"Public, 4-year or above",Mixed Undergraduate/Graduate-Doctorate Large,Yes,No,2025,1082,0.229205176,0.12754159,0,0.001848429,0.096118299,0.226432532,,,,,,,,0.159177739,172,0.356746765,0.324399261,0.318853974,0.228493965,161,,,,0.656821378,146,,,0.681146026,0.339213026,0.328358209,0.332428765,0.181463382,134,0.565400844,0.725738397,0.679324895
483124,Arizona State University Digital Immersion,"Public, 4-year or above",Mixed Undergraduate/Graduate-Doctorate Large,No,Not applicable,2025,1480,0.133783784,0.141891892,0,0.000675676,0.00472973,0.091891892,,,,,,,,0.106755892,127,0.275675676,0.097297297,0.627027027,0.257688965,175,,,,0.658227848,147,,,0.372972973,0.360507246,0.393115942,0.246376812,0.237502914,166,0.700421941,0.535864979,0.738396624
243221,University of Puerto Rico-Rio Piedras,"Public, 4-year or above",Mixed Undergraduate/Graduate-Doctorate Medium,No,No,2025,745,0.429530201,0.08590604,0.022818792,0,0.029530201,0.084563758,,,,,,,,0.270981871,216,0.538255034,0.11409396,0.347651007,0.134027852,94,,,,0.658227848,147,,,0.652348993,0.658436214,0.176954733,0.164609053,0.22176563,158,0.666666667,0.911392405,0.396624473
215293,University of Pittsburgh-Pittsburgh Campus,"Public, 4-year or above",Mixed Undergraduate/Graduate-Doctorate Large,Yes,No,2025,4780,0.165062762,0.087029289,0,0,0.006066946,0.088912134,,,,,,,,0.085999478,99,0.25209205,0.094979079,0.65292887,0.292582905,189,,,,0.659634318,148,,,0.34707113,0.475587703,0.268233876,0.256178421,0.261664495,181,0.76371308,0.417721519,0.797468354
196079,Binghamton University,"Public, 4-year or above",Mixed Undergraduate/Graduate-Doctorate Large,No,No,2025,935,0.20855615,0.267379679,0.001069519,0.002139037,0.006417112,0.227807487,,,,,,,,0.189976164,195,0.477005348,0.236363636,0.286631016,0.176923812,127,,,,0.662447257,149,,,0.713368984,0.295352324,0.383808096,0.32083958,0.200528516,149,0.628691983,0.82278481,0.535864979
199847,Wake Forest University,"Private not-for-profit, 4-year or above",Mixed Undergraduate/Graduate-Doctorate Medium,Yes,No,2025,3173,0.10085093,0.064292468,0,0.001575796,0.005672865,0.057989285,,,,,,,,0.050138084,45,0.165143397,0.065237945,0.769618657,0.440914109,213,,,,0.663853727,150,,,0.230381343,0.444596443,0.30369357,0.251709986,0.39733161,214,0.902953586,0.189873418,0.898734177
122755,San Jose State University,"Public, 4-year or above",Mixed Undergraduate/Graduate-Doctorate Large,No,No,2025,888,0.291666667,0.230855856,0.001126126,0,0,0.240990991,,,,,,,,0.125778767,145,0.523648649,0.240990991,0.23536036,0.235673836,165,,,,0.668073136,151,,,0.76463964,0.381443299,0.30191458,0.316642121,0.234558231,165,0.696202532,0.611814346,0.696202532
236577,Seattle Pacific University,"Private not-for-profit, 4-year or above",Mixed Undergraduate/Graduate-Doctorate Small,No,No,2025,109,0.330275229,0.220183486,0.009174312,0.009174312,0.110091743,0.110091743,,,,,,,,0.10421149,119,0.559633028,0.229357798,0.211009174,0.266520544,179,,,,0.669479606,152,,,0.788990826,0.430232558,0.418604651,0.151162791,0.253719205,178,0.751054852,0.502109705,0.755274262
131283,The Catholic University of America,"Private not-for-profit, 4-year or above",Mixed Undergraduate/Graduate-Doctorate Medium,No,No,2025,282,0.265957447,0.24822695,0,0.007092199,0.04964539,0.209219858,,,,,,,,0.118452436,140,0.514184397,0.265957447,0.219858156,0.256628224,173,,,,0.675105485,153,,,0.780141844,0.35,0.381818182,0.268181818,0.238034164,167,0.70464135,0.5907173,0.729957806
230038,Brigham Young University,"Private not-for-profit, 4-year or above",Mixed Undergraduate/Graduate-Doctorate Large,No,No,2025,1313,0.389946687,0.303884235,0.001523229,0.008377761,0.054074638,0.203351104,,,,,,,,0.047065792,44,0.695354151,0.265803503,0.038842346,0.485633875,219,,,,0.676511955,154,,,0.961157654,0.414421553,0.372424723,0.213153724,0.439706967,218,0.919831224,0.185654008,0.924050633
191241,Fordham University,"Private not-for-profit, 4-year or above",Mixed Undergraduate/Graduate-Doctorate Medium,No,No,2025,532,0.458646617,0.332706767,0.022556391,0,0.018796992,0.156015038,,,,,,,,0.042501926,39,0.813909774,0.17481203,0.011278195,0.565079454,222,,,,0.679324895,155,,,0.988721805,0.463878327,0.355513308,0.180608365,0.490411196,222,0.936708861,0.164556962,0.936708861
199157,North Carolina Central University,"Public, 4-year or above",Mixed Undergraduate/Graduate-Doctorate Medium,No,No,2025,344,0.174418605,0.183139535,0.011627907,0.014534884,0.069767442,0.223837209,,,,,,,,0.21643724,206,0.369186047,0.308139535,0.322674419,0.209434499,151,,,,0.679324895,155,,,0.677325581,0.278969957,0.373390558,0.347639485,0.175474036,126,0.53164557,0.869198312,0.637130802
164988,Boston University,"Private not-for-profit, 4-year or above",Mixed Undergraduate/Graduate-Doctorate Large,Yes,No,2025,3313,0.131904618,0.076667673,0,0,0.003018412,0.072441896,,,,,,,,0.07218484,75,0.208572291,0.075460308,0.715967401,0.371162135,208,,,,0.686357243,156,,,0.284032599,0.464399575,0.280552604,0.255047821,0.333530605,205,0.864978903,0.316455696,0.877637131
226091,Lamar University,"Public, 4-year or above",Mixed Undergraduate/Graduate-Doctorate Large,No,No,2025,398,0.226130653,0.228643216,0.010050251,0,0.012562814,0.251256281,,,,,,,,0.197851977,198,0.464824121,0.263819095,0.271356784,0.202603375,143,,,,0.693389592,157,,,0.728643216,0.310344828,0.331034483,0.35862069,0.209458911,152,0.641350211,0.835443038,0.603375527
110413,California Lutheran University,"Private not-for-profit, 4-year or above",Mixed Undergraduate/Graduate-Doctorate Medium,No,No,2025,156,0.41025641,0.192307692,0.006410256,0,0.012820513,0.16025641,,,,,,,,0.108816065,130,0.608974359,0.173076923,0.217948718,0.27552785,186,,,,0.700421941,158,,,0.782051282,0.524590164,0.262295082,0.213114754,0.265412818,182,0.767932489,0.548523207,0.784810127
145336,Governors State University,"Public, 4-year or above",Mixed Undergraduate/Graduate-Doctorate Medium,No,No,2025,245,0.151020408,0.302040816,0,0,0.016326531,0.232653061,,,,,,,,0.283473399,218,0.453061224,0.248979592,0.297959184,0.17132332,118,,,,0.70323488,159,,,0.702040816,0.215116279,0.453488372,0.331395349,0.231736565,164,0.691983122,0.919831224,0.497890295
197708,Yeshiva University,"Private not-for-profit, 4-year or above",Mixed Undergraduate/Graduate-Doctorate Medium,No,No,2025,415,0.231325301,0.089156627,0.004819277,0,0.007228916,0.057831325,,,,,,,,0.180680621,187,0.325301205,0.065060241,0.609638554,0.224217948,158,,,,0.70323488,159,,,0.390361446,0.592592593,0.24691358,0.160493827,0.21533334,155,0.654008439,0.789029536,0.666666667
243744,Stanford University,"Private not-for-profit, 4-year or above",Mixed Undergraduate/Graduate-Doctorate Large,Yes,Yes,2025,2262,0.437223696,0.111405836,0,0.00132626,0.008841733,0.147656941,,,,,,,,0.242031491,209,0.548629531,0.157824934,0.293545535,0.177718404,128,,,,0.710267229,160,,,0.706454465,0.62077597,0.170212766,0.209011264,0.240063302,168,0.708860759,0.88185654,0.540084388
110714,University of California-Santa Cruz,"Public, 4-year or above",Mixed Undergraduate/Graduate-Doctorate Large,No,No,2025,822,0.405109489,0.212895377,0,0,0,0.195863747,,,,,,,,0.095498367,113,0.618004866,0.195863747,0.186131387,0.309201486,195,,,,0.710267229,160,,,0.813868613,0.497757848,0.261584454,0.240657698,0.296814998,197,0.831223629,0.476793249,0.82278481
110635,University of California-Berkeley,"Public, 4-year or above",Mixed Undergraduate/Graduate-Doctorate Large,No,No,2025,2004,0.417165669,0.183133733,0,0,0,0.166167665,,,,,,,,0.13923103,157,0.600299401,0.166167665,0.233532934,0.257347826,174,,,,0.718706048,161,,,0.766467066,0.544270833,0.238932292,0.216796875,0.258540345,180,0.759493671,0.662447257,0.734177215
217156,Brown University,"Private not-for-profit, 4-year or above",Mixed Undergraduate/Graduate-Doctorate Medium,Yes,No,2025,1029,0.423712342,0.171039845,0,0.000971817,0.000971817,0.153547133,,,,,,,,0.16198275,177,0.594752187,0.155490768,0.249757046,0.240628039,168,,,,0.729957806,162,,,0.750242954,0.566062176,0.229274611,0.204663212,0.249307397,174,0.734177215,0.746835443,0.708860759
110662,University of California-Los Angeles,"Public, 4-year or above",Mixed Undergraduate/Graduate-Doctorate Large,Yes,Yes,2025,4731,0.261255549,0.067427605,0,0,0,0.07038681,,,,,,,,0.27098177,215,0.328683154,0.07038681,0.600930036,0.213780954,153,,,,0.734177215,163,,,0.399069964,0.654661017,0.168961864,0.176377119,0.21447447,154,0.64978903,0.907172996,0.64556962
190567,CUNY City College,"Public, 4-year or above",Mixed Undergraduate/Graduate-Doctorate Medium,Yes,No,2025,474,0.449367089,0.29535865,0.010548523,0.008438819,0.002109705,0.135021097,,,,,,,,0.082133639,94,0.755274262,0.14556962,0.099156118,0.459825941,216,,,,0.738396624,164,,,0.900843882,0.508196721,0.330210773,0.161592506,0.400158299,215,0.907172996,0.396624473,0.911392405
180461,Montana State University,"Public, 4-year or above",Mixed Undergraduate/Graduate-Doctorate Medium,No,No,2025,619,0.329563813,0.2180937,0,0.001615509,0.006462036,0.261712439,,,,,,,,0.129348256,148,0.547657512,0.269789984,0.182552504,0.300432314,191,,,,0.751054852,165,,,0.817447496,0.40513834,0.274703557,0.320158103,0.29429092,195,0.82278481,0.624472574,0.805907173
179867,Washington University in St Louis,"Private not-for-profit, 4-year or above",Mixed Undergraduate/Graduate-Doctorate Medium,Yes,No,2025,1925,0.401038961,0.154805195,0,0.005194805,0.015064935,0.216103896,,,,,,,,0.151616897,167,0.555844156,0.236363636,0.207792208,0.269843219,182,,,,0.756680731,166,,,0.792207792,0.512786885,0.21442623,0.272786885,0.282434406,189,0.797468354,0.70464135,0.767932489
215062,University of Pennsylvania,"Private not-for-profit, 4-year or above",Mixed Undergraduate/Graduate-Doctorate Large,Yes,Yes,2025,2285,0.423632385,0.156673961,0,0,0.012253829,0.192997812,,,,,,,,0.157048923,169,0.580306346,0.205251641,0.214442013,0.267224564,180,,,,0.758087201,167,,,0.785557987,0.539275766,0.215041783,0.245682451,0.283305563,190,0.801687764,0.713080169,0.759493671
110097,Biola University,"Private not-for-profit, 4-year or above",Mixed Undergraduate/Graduate-Doctorate Medium,No,No,2025,226,0.327433628,0.230088496,0.004424779,0.017699115,0.132743363,0.044247788,,,,,,,,0.20708828,202,0.561946903,0.194690265,0.243362832,0.231450422,163,,,,0.759493671,168,,,0.756637168,0.456140351,0.479532164,0.064327485,0.250909227,175,0.738396624,0.852320675,0.687763713
198419,Duke University,"Private not-for-profit, 4-year or above",Mixed Undergraduate/Graduate-Doctorate Medium,Yes,Yes,2025,4429,0.228945586,0.072025288,0,0.000225785,0.025965229,0.044479566,,,,,,,,0.208836651,203,0.300970874,0.07067058,0.628358546,0.250007102,171,,,,0.76652602,169,,,0.371641454,0.616646416,0.263669502,0.119684083,0.243198214,171,0.721518987,0.856540084,0.721518987
166027,Harvard University,"Private not-for-profit, 4-year or above",Mixed Undergraduate/Graduate-Doctorate Large,Yes,No,2025,2050,0.507317073,0,0,0,0.080487805,0.12195122,,,,,,,,0.352594516,222,0.507317073,0.202439024,0.290243902,0.168447487,116,,,,0.769338959,170,,,0.709756098,0.714776632,0.113402062,0.171821306,0.348364256,209,0.88185654,0.936708861,0.489451477
190150,Columbia University in the City of New York,"Private not-for-profit, 4-year or above",Mixed Undergraduate/Graduate-Doctorate Large,Yes,No,2025,4814,0.200249273,0.051308683,0,0.006231824,0.022850021,0.084337349,,,,,,,,0.180708032,188,0.251557956,0.113419194,0.63502285,0.277088312,187,,,,0.776371308,171,,,0.36497715,0.565737052,0.203187251,0.231075697,0.253421937,177,0.746835443,0.793248945,0.789029536
218539,Presbyterian College,"Private not-for-profit, 4-year or above",Mixed Undergraduate/Graduate-Doctorate Small,No,No,2025,93,0.451612903,0.193548387,0,0,0.032258065,0.107526882,,,,,,,,0.158939407,171,0.64516129,0.139784946,0.215053763,0.299939108,190,,,,0.780590717,172,,,0.784946237,0.575342466,0.287671233,0.136986301,0.292737003,194,0.818565401,0.721518987,0.801687764
144005,Chicago State University,"Public, 4-year or above",Mixed Undergraduate/Graduate-Doctorate Small,No,No,2025,152,0.256578947,0.243421053,0.026315789,0,0.019736842,0.25,,,,,,,,0.18129238,189,0.526315789,0.269736842,0.203947368,0.275321859,185,,,,0.783403657,173,,,0.796052632,0.32231405,0.330578512,0.347107438,0.266015343,183,0.772151899,0.797468354,0.780590717
234207,Washington and Lee University,"Private not-for-profit, 4-year or above",Mixed Undergraduate/Graduate-Doctorate Small,No,No,2025,282,0.372340426,0.134751773,0,0,0.014184397,0.258865248,,,,,,,,0.190228782,196,0.507092199,0.273049645,0.219858156,0.258108229,176,,,,0.786216596,174,,,0.780141844,0.477272727,0.190909091,0.331818182,0.279526226,187,0.789029536,0.827004219,0.742616034
210401,Willamette University,"Private not-for-profit, 4-year or above",Mixed Undergraduate/Graduate-Doctorate Small,No,No,2025,166,0.451807229,0.198795181,0,0,0.006024096,0.126506024,,,,,,,,0.160460545,175,0.65060241,0.13253012,0.21686747,0.30259728,192,,,,0.787623066,175,,,0.78313253,0.576923077,0.261538462,0.161538462,0.290805812,193,0.814345992,0.738396624,0.810126582
196060,University at Albany,"Public, 4-year or above",Mixed Undergraduate/Graduate-Doctorate Medium,No,No,2025,698,0.230659026,0.369627507,0,0.00286533,0.010028653,0.14469914,,,,,,,,0.215113003,205,0.600286533,0.157593123,0.242120344,0.250133182,172,,,,0.789029536,176,,,0.757879656,0.308128544,0.50094518,0.190926276,0.266213625,184,0.776371308,0.864978903,0.725738397
130794,Yale University,"Private not-for-profit, 4-year or above",Mixed Undergraduate/Graduate-Doctorate Medium,Yes,No,2025,3022,0.36730642,0.048312376,0,0,0.130046327,0.2475182,,,,,,,,0.149862025,166,0.415618795,0.377564527,0.206816678,0.325771149,200,,,,0.800281294,177,,,0.793183322,0.463078849,0.224864414,0.312056738,0.330075282,203,0.856540084,0.700421941,0.843881857
110705,University of California-Santa Barbara,"Public, 4-year or above",Mixed Undergraduate/Graduate-Doctorate Large,No,No,2025,1122,0.466131907,0.204991087,0,0,0,0.169340463,,,,,,,,0.144016704,160,0.671122995,0.169340463,0.159536542,0.359508331,207,,,,0.808720113,178,,,0.840463458,0.554612937,0.243902439,0.201484624,0.347025554,208,0.877637131,0.675105485,0.873417722
232557,Liberty University,"Private not-for-profit, 4-year or above",Mixed Undergraduate/Graduate-Doctorate Large,Yes,No,2025,705,0.008510638,0,0,0,0.004255319,0.004255319,,,,,,,,0.108732576,129,0.008510638,0.008510638,0.982978723,0.711362576,226,,,,0.817158931,179,,,0.017021277,0.5,0.25,0.25,0.644145255,226,0.953586498,0.544303797,0.953586498
195030,University of Rochester,"Private not-for-profit, 4-year or above",Mixed Undergraduate/Graduate-Doctorate Medium,Yes,Yes,2025,2861,0.143306536,0.06011884,0,0.069556099,0.12757777,0.241873471,,,,,,,,0.203398258,201,0.203425376,0.43900734,0.357567284,0.384765209,209,,,,0.82419128,180,,,0.642432716,0.331338411,0.292165397,0.376496192,0.251468391,176,0.742616034,0.848101266,0.88185654
186432,Saint Peter's University,"Private not-for-profit, 4-year or above",Mixed Undergraduate/Graduate-Doctorate Small,No,No,2025,102,0.254901961,0.343137255,0.039215686,0.009803922,0.029411765,0.156862745,,,,,,,,0.169967051,182,0.637254902,0.196078431,0.166666667,0.335979161,203,,,,0.82419128,180,,,0.833333333,0.317647059,0.447058824,0.235294118,0.31201401,201,0.848101266,0.767932489,0.856540084
210438,University of Western States,"Private not-for-profit, 4-year or above",Mixed Undergraduate/Graduate-Doctorate Small,No,No,2025,35,0.114285714,0.428571429,0.028571429,0,0,0.171428571,,,,,,,,0.381605837,224,0.571428571,0.171428571,0.257142857,0.221681022,156,,,,0.82419128,180,,,0.742857143,0.153846154,0.576923077,0.269230769,0.335628036,206,0.869198312,0.945147679,0.658227848
225414,University of Houston-Clear Lake,"Public, 4-year or above",Mixed Undergraduate/Graduate-Doctorate Medium,No,No,2025,259,0.258687259,0.343629344,0,0,0.007722008,0.243243243,,,,,,,,0.175654301,184,0.602316602,0.250965251,0.146718147,0.346392744,204,,,,0.836849508,181,,,0.853281853,0.303167421,0.411764706,0.285067873,0.346101132,207,0.873417722,0.776371308,0.860759494
186131,Princeton University,"Private not-for-profit, 4-year or above",Mixed Undergraduate/Graduate-Doctorate Medium,No,No,2025,1103,0.486854034,0.118766999,0,0,0,0.173164098,,,,,,,,0.257665301,213,0.605621034,0.173164098,0.221214869,0.270919517,183,,,,0.841068917,182,,,0.778785131,0.625145518,0.15250291,0.222351572,0.322710713,202,0.852320675,0.898734177,0.772151899
168740,Andrews University,"Private not-for-profit, 4-year or above",Mixed Undergraduate/Graduate-Doctorate Medium,No,No,2025,180,0.227777778,0.072222222,0,0.072222222,0.294444444,0.244444444,,,,,,,,0.143889431,159,0.3,0.611111111,0.088888889,0.596437165,223,,,,0.846694796,183,,,0.911111111,0.329268293,0.402439024,0.268292683,0.475705823,220,0.928270042,0.670886076,0.94092827
130493,Southern Connecticut State University,"Public, 4-year or above",Mixed Undergraduate/Graduate-Doctorate Medium,No,No,2025,406,0.507389163,0.305418719,0.002463054,0,0.009852217,0.091133005,,,,,,,,0.155984402,168,0.815270936,0.100985222,0.083743842,0.515152728,220,,,,0.853727145,184,,,0.916256158,0.553763441,0.344086022,0.102150538,0.446970705,219,0.924050633,0.708860759,0.928270042
484905,University of North Texas at Dallas,"Public, 4-year or above",Mixed Undergraduate/Graduate-Doctorate Medium,No,No,2025,93,0.053763441,0.11827957,0,0,0.021505376,0.247311828,,,,,,,,0.474662922,225,0.172043011,0.268817204,0.559139785,0.320332302,198,,,,0.856540084,185,,,0.440860215,0.12195122,0.317073171,0.56097561,0.276027509,186,0.784810127,0.949367089,0.835443038
231651,Regent University,"Private not-for-profit, 4-year or above",Mixed Undergraduate/Graduate-Doctorate Medium,No,No,2025,151,0.198675497,0.218543046,0.006622517,0,0.072847682,0.324503311,,,,,,,,0.278329369,217,0.42384106,0.397350993,0.178807947,0.359021585,206,,,,0.88185654,186,,,0.821192053,0.241935484,0.35483871,0.403225806,0.332317684,204,0.860759494,0.915611814,0.869198312
196592,Touro University,"Private not-for-profit, 4-year or above",Mixed Undergraduate/Graduate-Doctorate Medium,Yes,No,2025,516,0.029069767,0.009689922,0,0.001937984,0.007751938,0.005813953,,,,,,,,0.166037062,179,0.03875969,0.015503876,0.945736434,0.66293788,225,,,,0.88466948,187,,,0.054263566,0.571428571,0.321428571,0.107142857,0.601251127,225,0.949367089,0.755274262,0.949367089
216931,Wilkes University,"Private not-for-profit, 4-year or above",Mixed Undergraduate/Graduate-Doctorate Medium,No,No,2025,164,0.219512195,0.414634146,0,0,0.024390244,0.195121951,,,,,,,,0.259024913,214,0.634146341,0.219512195,0.146341463,0.354801373,205,,,,0.886075949,188,,,0.853658537,0.257142857,0.514285714,0.228571429,0.374216813,211,0.890295359,0.902953586,0.864978903
162928,Johns Hopkins University,"Private not-for-profit, 4-year or above",Mixed Undergraduate/Graduate-Doctorate Large,Yes,No,2025,4049,0.288713263,0.035317362,0,0.002469746,0.194615955,0.316127439,,,,,,,,0.200300552,200,0.324030625,0.513213139,0.162756236,0.471593068,218,,,,0.893108298,189,,,0.837243764,0.347787611,0.274631268,0.377581121,0.40399603,217,0.915611814,0.843881857,0.919831224
126562,University of Colorado Denver/Anschutz Medical Campus,"Public, 4-year or above",Mixed Undergraduate/Graduate-Doctorate Large,Yes,Yes,2025,5452,0.079420396,0.032098313,0.000183419,0.072817315,0.14893617,0.252751284,,,,,,,,0.287239863,219,0.111702128,0.474504769,0.413793103,0.465335329,217,,,,0.893108298,189,,,0.586206897,0.259699625,0.308823529,0.431476846,0.304349743,199,0.839662447,0.924050633,0.915611814
229160,Texas Wesleyan University,"Private not-for-profit, 4-year or above",Mixed Undergraduate/Graduate-Doctorate Small,No,No,2025,92,0.25,0.456521739,0.010869565,0,0.032608696,0.097826087,,,,,,,,0.296020149,220,0.717391304,0.130434783,0.152173913,0.395604615,210,,,,0.904360056,190,,,0.847826087,0.294871795,0.576923077,0.128205128,0.39100795,213,0.898734177,0.928270042,0.886075949
217961,Converse University,"Private not-for-profit, 4-year or above",Mixed Undergraduate/Graduate-Doctorate Small,No,No,2025,93,0.182795699,0.35483871,0.010752688,0,0,0.387096774,,,,,,,,0.32995845,221,0.548387097,0.387096774,0.064516129,0.45467217,215,,,,0.924050633,191,,,0.935483871,0.195402299,0.379310345,0.425287356,0.486591373,221,0.932489451,0.932489451,0.907172996
211556,Chatham University,"Private not-for-profit, 4-year or above",Mixed Undergraduate/Graduate-Doctorate Small,No,No,2025,126,0.158730159,0.380952381,0,0,0,0.444444444,,,,,,,,0.373661016,223,0.53968254,0.444444444,0.015873016,0.523709864,221,,,,0.9395218,192,,,0.984126984,0.161290323,0.387096774,0.451612903,0.567083123,224,0.945147679,0.94092827,0.932489451
245892,Antioch University,"Private not-for-profit, 4-year or above",Mixed Undergraduate/Graduate-Doctorate Small,No,Not applicable,2025,0,0,0,0,0,0,0,,,,,,,,0.60009021,226,0,0,0,0.624616105,224,,,,0.954289733,193,,,0,0,0,0,0.542932472,223,0.94092827,0.976793249,0.945147679
166452,Lesley University,"Private not-for-profit, 4-year or above",Mixed Undergraduate/Graduate-Doctorate Medium,No,No,2025,86,0,0,0,0,0,0,,,,,,,,0.60009021,226,0,0,1,0.731319405,227,,,,0.978199719,194,,,0,0,0,0,0.662916633,227,0.978902954,0.976793249,0.978902954
241331,Albizu University-San Juan,"Private not-for-profit, 4-year or above",Mixed Undergraduate/Graduate-Doctorate Small,No,No,2025,37,0,0,0,0,0,0,,,,,,,,0.60009021,226,0,0,1,0.731319405,227,,,,0.978199719,194,,,0,0,0,0,0.662916633,227,0.978902954,0.976793249,0.978902954
110316,California Institute of Integral Studies,"Private not-for-profit, 4-year or above",Mixed Undergraduate/Graduate-Doctorate Small,No,No,2025,74,0,0,0,0,0,0,,,,,,,,0.60009021,226,0,0,1,0.731319405,227,,,,0.978199719,194,,,0,0,0,0,0.662916633,227,0.978902954,0.976793249,0.978902954
489937,Carolina University,"Private not-for-profit, 4-year or above",Mixed Undergraduate/Graduate-Doctorate Small,No,No,2025,26,0,0,0,0,0,0,,,,,,,,0.60009021,226,0,0,1,0.731319405,227,,,,0.978199719,194,,,0,0,0,0,0.662916633,227,0.978902954,0.976793249,0.978902954
241395,Pontifical Catholic University of Puerto Rico-Arecibo,"Private not-for-profit, 4-year or above",Mixed Undergraduate/Graduate-Doctorate Small,No,Not applicable,2025,23,0,0,0,0,0,0,,,,,,,,0.60009021,226,0,0,1,0.731319405,227,,,,0.978199719,194,,,0,0,0,0,0.662916633,227,0.978902954,0.976793249,0.978902954
241410,Pontifical Catholic University of Puerto Rico-Ponce,"Private not-for-profit, 4-year or above",Mixed Undergraduate/Graduate-Doctorate Medium,No,No,2025,194,0,0,0,0,0,0,,,,,,,,0.60009021,226,0,0,1,0.731319405,227,,,,0.978199719,194,,,0,0,0,0,0.662916633,227,0.978902954,0.976793249,0.978902954
140252,Life University,"Private not-for-profit, 4-year or above",Mixed Undergraduate/Graduate-Doctorate Small,No,Yes,2025,113,0,0,0,0,0,0,,,,,,,,0.60009021,226,0,0,1,0.731319405,227,,,,0.978199719,194,,,0,0,0,0,0.662916633,227,0.978902954,0.976793249,0.978902954
177986,Logan University,"Private not-for-profit, 4-year or above",Mixed Undergraduate/Graduate-Doctorate Small,No,No,2025,48,0,0,0,0,0,0,,,,,,,,0.60009021,226,0,0,1,0.731319405,227,,,,0.978199719,194,,,0,0,0,0,0.662916633,227,0.978902954,0.976793249,0.978902954
152099,Oakland City University,"Private not-for-profit, 4-year or above",Mixed Undergraduate/Graduate-Doctorate Small,No,No,2025,24,0,0,0,0,0,0,,,,,,,,0.60009021,226,0,0,1,0.731319405,227,,,,0.978199719,194,,,0,0,0,0,0.662916633,227,0.978902954,0.976793249,0.978902954
163204,University of Maryland Global Campus,"Public, 4-year or above",Mixed Undergraduate/Graduate-Doctorate Large,No,No,2025,158,0,0,0,0,0,0,,,,,,,,0.60009021,226,0,0,1,0.731319405,227,,,,0.978199719,194,,,0,0,0,0,0.662916633,227,0.978902954,0.976793249,0.978902954
262086,University of Massachusetts Global,"Public, 4-year or above",Mixed Undergraduate/Graduate-Doctorate Medium,No,No,2025,73,0,0,0,0,0,0,,,,,,,,0.60009021,226,0,0,1,0.731319405,227,,,,0.978199719,194,,,0,0,0,0,0.662916633,227,0.978902954,0.976793249,0.978902954
