unitid,institution,sector,carnegie_classification,medical_degree_flag,hospital_flag,trajectory_distance_from_uconn,trajectory_similarity_rank,n_shared_trajectory_metrics,slope_pct_non_tenure,slope_pct_t_track,slope_pct_tenure_system,slope_pct_tenured,pct_change_total_faculty,slope_pct_assistant_professor,slope_pct_associate_professor,slope_pct_professor,slope_pct_senior_faculty,slope_ugrds_per_faculty,tenure_system_total,non_tenure_total,senior_faculty_total,ugrd_fte,grad_fte,tenure_system_total_delta,non_tenure_total_delta,senior_faculty_total_delta,ugrd_fte_delta,grad_fte_delta
129020,University of Connecticut,"Public, 4-year or above",Mixed Undergraduate/Graduate-Doctorate Large,Yes,Yes,0,1,10,0.010246114,-0.002347938,-0.010246114,-0.007898177,0.133471288,-0.002862238,-0.003451029,-0.003932846,-0.007383876,-0.077884548,1254,937,984,20714,6421,-32,290,9,1836,-214.6666667
130943,University of Delaware,"Public, 4-year or above",Mixed Undergraduate/Graduate-Doctorate Large,No,No,0.215978662,2,7,0.009477656,-0.002161825,-0.009477656,-0.007315831,,,-0.002559705,-0.005007767,-0.007567472,,797,414,630,19238.66667,3602.666667,-42,117,-41,993,338.6666667
163286,University of Maryland-College Park,"Public, 4-year or above",Mixed Undergraduate/Graduate-Doctorate Large,Yes,No,0.24138839,3,8,0.008926573,,-0.008926573,-0.008471953,0.14697726,,-0.003318123,-0.005023314,-0.008341437,-0.110498184,1410,658,1081,30544.33333,8765,28,237,-15,2349.666667,-168
153658,University of Iowa,"Public, 4-year or above",Mixed Undergraduate/Graduate-Doctorate Large,Yes,Yes,0.276296625,4,8,0.007955558,,-0.007955558,-0.007775626,0.106824926,,-0.003850397,-0.004142506,-0.007992904,-0.100256476,1271,1340,923,22475.66667,6196,-89,341,-116,405,513.6666667
174066,University of Minnesota-Twin Cities,"Public, 4-year or above",Mixed Undergraduate/Graduate-Doctorate Large,Yes,No,0.311695692,5,7,0.009036057,,-0.009036057,-0.009138645,0.111575563,,-0.002865804,-0.005471317,-0.008337122,,2122,1335,1638,35024.33333,11238,-50,397,-90,3689.333333,-822.3333333
139959,University of Georgia,"Public, 4-year or above",Mixed Undergraduate/Graduate-Doctorate Large,Yes,No,0.355833238,6,9,0.010802167,-0.002030268,-0.010802167,-0.008771899,0.172962227,-0.001897611,-0.005324008,-0.003580547,-0.008904555,,1677,683,1256,31814.66667,9037.666667,48,300,16,4945.666667,1711.333333
168148,Tufts University,"Private not-for-profit, 4-year or above",Mixed Undergraduate/Graduate-Doctorate Medium,Yes,No,0.378858949,7,8,0.010029379,,-0.010029379,-0.00831351,0.091101695,,-0.003425307,-0.005406981,-0.008832288,0.112673145,476,554,364,6909.666667,6015,-21,107,-29,1450.333333,614.6666667
145637,University of Illinois Urbana-Champaign,"Public, 4-year or above",Mixed Undergraduate/Graduate-Doctorate Large,Yes,No,0.400296145,8,8,0.007859471,,-0.007859471,-0.007649875,0.209964413,,-0.003410268,-0.004586973,-0.007997241,-0.077279028,1947,773,1364,37780.66667,15900,190,282,82,4776.666667,4951.666667
228796,The University of Texas at El Paso,"Public, 4-year or above",Mixed Undergraduate/Graduate-Doctorate Large,No,No,0.443661866,9,7,0.007004517,,-0.007004517,-0.007200212,,,-0.002627877,-0.004247492,-0.006875369,0.122080397,491,308,333,18112,2463.666667,-12,62,-20,2377.666667,436.6666667
228246,Southern Methodist University,"Private not-for-profit, 4-year or above",Mixed Undergraduate/Graduate-Doctorate Medium,No,No,0.449976777,10,8,0.008807092,,-0.008807092,-0.007255578,,-0.001659324,-0.004974907,-0.002172861,-0.007147768,0.116691154,456,353,363,7447,3393.666667,-23,85,-24,1076,-154.3333333
126614,University of Colorado Boulder,"Public, 4-year or above",Mixed Undergraduate/Graduate-Doctorate Large,No,No,0.456115176,11,9,0.008852071,-0.00324972,-0.008852071,-0.005602351,0.162466844,-0.003798476,-0.002820451,-0.002233144,-0.005053594,,1171,582,895,32447.66667,6029.666667,32,213,52,5946,2281.666667
152080,University of Notre Dame,"Private not-for-profit, 4-year or above",Mixed Undergraduate/Graduate-Doctorate Medium,No,No,0.473084452,12,8,0.006902688,,-0.006902688,-0.007475063,0.160526316,,-0.004871804,-0.002310245,-0.007182049,-0.075297258,945,378,722,8931.333333,4024,61,122,22,412,287.6666667
196413,Syracuse University,"Private not-for-profit, 4-year or above",Mixed Undergraduate/Graduate-Doctorate Large,No,No,0.496899687,13,7,0.007234151,,-0.007234151,-0.007333606,0.09266055,,-0.001368821,-0.005382361,-0.006751182,,872,319,654,15723,4561,3,98,-7,912.3333333,-720.3333333
230728,Utah State University,"Public, 4-year or above",Mixed Undergraduate/Graduate-Doctorate Large,No,No,0.496935791,14,10,0.00817066,-0.003130162,-0.00817066,-0.005040498,0.144251627,-0.002881358,-0.002343578,-0.002945724,-0.005289301,-0.248733487,726,329,487,20319.66667,1994.666667,27,106,2,713,137.3333333
165334,Clark University,"Private not-for-profit, 4-year or above",Mixed Undergraduate/Graduate-Doctorate Small,No,No,0.518816583,15,7,0.007644263,,-0.007644263,-0.009885978,0.033980583,,,-0.004242323,-0.007596236,-0.177041546,160,53,128,2080.666667,957.3333333,-4,11,-2,-164.3333333,103
213543,Lehigh University,"Private not-for-profit, 4-year or above",Mixed Undergraduate/Graduate-Doctorate Medium,No,No,0.548020666,16,8,0.007474772,,-0.007474772,-0.009148926,0.087037037,,-0.005740378,-0.003372645,-0.009113023,0.10347627,464,123,336,5946,1407,4,43,-15,917.3333333,-70.66666667
228149,St. Mary's University,"Private not-for-profit, 4-year or above",Mixed Undergraduate/Graduate-Doctorate Small,No,No,0.549879863,17,6,0.005263598,,-0.005263598,-0.007983152,,,,-0.004734118,-0.006340988,-0.12723596,155,59,112,2073.333333,1139.333333,-12,10,-18,-152,71.66666667
195003,Rochester Institute of Technology,"Private not-for-profit, 4-year or above",Mixed Undergraduate/Graduate-Doctorate Medium,No,No,0.552868773,18,7,0.009761673,,-0.009761673,-0.008519398,0.035190616,-0.002649865,-0.006508754,,-0.007111808,,632,427,456,13139.66667,2288,-75,111,-60,509.6666667,-443.6666667
234076,University of Virginia-Main Campus,"Public, 4-year or above",Mixed Undergraduate/Graduate-Doctorate Large,Yes,Yes,0.555612033,19,10,0.008275848,-0.003815661,-0.008275848,-0.004460187,0.202525936,-0.002510128,-0.001739152,-0.004026568,-0.00576572,-0.055826429,1546,1120,1190,17368,7495.666667,107,342,66,1607,864.6666667
196088,University at Buffalo,"Public, 4-year or above",Mixed Undergraduate/Graduate-Doctorate Large,Yes,Yes,0.561867962,20,9,0.007482111,,-0.007482111,-0.006093963,0.195502811,-0.002368818,-0.002424796,-0.002688497,-0.005113292,-0.263180464,1199,715,916,20152,7799.333333,98,215,80,798.6666667,306
133669,Florida Atlantic University,"Public, 4-year or above",Mixed Undergraduate/Graduate-Doctorate Large,Yes,No,0.568059487,21,5,0.007835089,-0.006606889,-0.007835089,,0.167701863,-0.005195187,,,,,602,338,459,21453,4470,35,100,16,2151,1333.666667
198419,Duke University,"Private not-for-profit, 4-year or above",Mixed Undergraduate/Graduate-Doctorate Medium,Yes,Yes,0.572456105,22,10,0.007627637,-0.003258843,-0.007627637,-0.004368794,0.187081211,-0.002481859,-0.002455573,-0.002690206,-0.005145778,-0.032785454,1646,2783,1449,6492.333333,10611.33333,6,692,69,-95.33333333,1980.666667
232186,George Mason University,"Public, 4-year or above",Mixed Undergraduate/Graduate-Doctorate Large,No,No,0.582043035,23,6,0.006138431,,-0.006138431,-0.004728764,0.135686275,,-0.004369009,,-0.004954139,,904,544,722,25063.33333,6980.666667,28,145,34,4280.333333,344
135726,University of Miami,"Private not-for-profit, 4-year or above",Mixed Undergraduate/Graduate-Doctorate Large,Yes,Yes,0.590934575,24,9,0.008867868,-0.003713113,-0.008867868,-0.005154756,0.046741277,-0.002736283,-0.0048696,,-0.006131585,0.166129877,1008,582,870,12917,6344.333333,-75,146,-48,2543.666667,861.6666667
231624,William & Mary,"Public, 4-year or above",Mixed Undergraduate/Graduate-Doctorate Medium,No,No,0.606673773,25,6,0.006169157,,-0.006169157,-0.004249268,,-0.002593445,-0.002989805,,,0.12954745,514,211,401,6895,1913.333333,-6,47,-12,663.6666667,-48.33333333
163268,University of Maryland-Baltimore County,"Public, 4-year or above",Mixed Undergraduate/Graduate-Doctorate Medium,No,No,0.62011773,26,8,0.006599583,,-0.006599583,-0.004752929,0.158878505,-0.002169721,-0.003362069,,-0.004429862,-0.281310707,426,194,313,10189.66667,1777.666667,32,53,17,153,167
181394,University of Nebraska at Omaha,"Public, 4-year or above",Mixed Undergraduate/Graduate-Doctorate Medium,No,No,0.635484681,27,7,0.006590368,,-0.006590368,-0.006074752,0.156716418,,-0.004650656,,-0.006425344,-0.43062749,445,175,310,10584,1682,29,55,21,-181.3333333,-51.66666667
171100,Michigan State University,"Public, 4-year or above",Mixed Undergraduate/Graduate-Doctorate Large,Yes,No,0.695210907,28,10,0.006964355,-0.002255955,-0.006964355,-0.0047084,0.048170276,-0.002318919,-0.001912088,-0.002733348,-0.004645436,0.073977777,1811,996,1406,39611.66667,8757.666667,-45,174,-40,2950.333333,-491
100706,University of Alabama in Huntsville,"Public, 4-year or above",Mixed Undergraduate/Graduate-Doctorate Medium,No,No,0.731262743,29,5,0.004980252,,-0.004980252,-0.00544153,,,-0.006434489,,-0.005753594,,214,128,148,6015,930.3333333,-9,24,-10,341.3333333,-230
134097,Florida State University,"Public, 4-year or above",Mixed Undergraduate/Graduate-Doctorate Large,Yes,No,0.749540659,30,6,0.004333376,,-0.004333376,,0.180481283,-0.002633842,,-0.002239066,,-0.312754545,1221,545,879,31479,8399.666667,154,116,107,980.6666667,1706.333333
147767,Northwestern University,"Private not-for-profit, 4-year or above",Mixed Undergraduate/Graduate-Doctorate Large,Yes,No,0.768307184,31,9,0.005836019,-0.002075657,-0.005836019,-0.003760361,0.125451264,-0.001936085,-0.001541981,-0.002357953,-0.003899934,,1389,1105,1100,9149.333333,12174.33333,54,224,71,687,1712.333333
176080,Mississippi State University,"Public, 4-year or above",Mixed Undergraduate/Graduate-Doctorate Large,Yes,No,0.777316496,32,8,0.0113741,,-0.0113741,-0.010651748,0.114315139,-0.007711496,,-0.001799815,-0.003662605,-0.212754036,737,345,492,18079.66667,3080,-15,126,15,919.6666667,622.6666667
111948,Chapman University,"Private not-for-profit, 4-year or above",Mixed Undergraduate/Graduate-Doctorate Medium,No,No,0.779926635,33,10,0.011873153,-0.004677586,-0.011873153,-0.007195566,0.301310044,-0.004429137,-0.00495615,-0.002487866,-0.007444016,-0.138840681,341,255,265,7294.666667,1799.333333,38,100,38,1071.333333,-2.666666667
217156,Brown University,"Private not-for-profit, 4-year or above",Mixed Undergraduate/Graduate-Doctorate Medium,Yes,No,0.780862282,34,9,0.00668834,-0.001219703,-0.00668834,-0.005468637,0.259485924,-0.001460921,,-0.006312046,-0.005227419,-0.094871312,772,257,614,7436.333333,3874.666667,112,100,93,751,1169
229027,The University of Texas at San Antonio,"Public, 4-year or above",Mixed Undergraduate/Graduate-Doctorate Large,No,No,0.782026121,35,8,0.011371571,-0.002983844,-0.011371571,-0.008387727,0.203073546,-0.001644598,-0.008631887,,-0.009726974,,649,447,475,28309.66667,3212,28,157,11,6587,531.6666667
215293,University of Pittsburgh-Pittsburgh Campus,"Public, 4-year or above",Mixed Undergraduate/Graduate-Doctorate Large,Yes,No,0.787089858,36,9,0.005875361,-0.001801886,-0.005875361,-0.004073475,0.204637097,-0.001703556,-0.00213732,-0.002034485,-0.004171805,,1659,3121,1234,22885.33333,8429,70,742,63,4402.333333,288
199193,North Carolina State University at Raleigh,"Public, 4-year or above",Mixed Undergraduate/Graduate-Doctorate Large,Yes,No,0.800378984,37,7,0.004574882,,-0.004574882,-0.005108739,0.102017291,,-0.005805408,,-0.005761706,0.159798826,1452,460,1094,27698.66667,7972.333333,72,105,3,5789,779.6666667
170976,University of Michigan-Ann Arbor,"Public, 4-year or above",Mixed Undergraduate/Graduate-Doctorate Large,Yes,Yes,0.816189317,38,10,0.005292964,-0.001371993,-0.005292964,-0.003920971,0.15684111,-0.001043329,-0.001288483,-0.002961151,-0.004249635,0.032264162,2835,4504,2188,34535.33333,16534.66667,83,912,55,6228.333333,1695
207500,University of Oklahoma-Norman Campus,"Public, 4-year or above",Mixed Undergraduate/Graduate-Doctorate Large,No,No,0.837712215,39,9,0.011494115,-0.003249705,-0.011494115,-0.00824441,0.218827415,-0.002799639,,-0.00917005,-0.008694476,-0.155750747,958,518,698,23703.66667,5209.333333,30,235,30,4204.666667,1053.666667
167358,Northeastern University,"Private not-for-profit, 4-year or above",Mixed Undergraduate/Graduate-Doctorate Large,No,No,0.842078464,40,7,0.008407927,,-0.008407927,-0.009359397,0.310864393,,-0.006347412,-0.003519586,-0.009866998,,919,734,666,17107.33333,13050.33333,148,244,71,3653.666667,6712.333333
229115,Texas Tech University,"Public, 4-year or above",Mixed Undergraduate/Graduate-Doctorate Large,Yes,No,0.863109044,41,2,,0.003466096,,,,0.003025286,,,,,1119,451,770,31719.66667,6219.333333,93,28,29,3980.666667,1246.666667
110644,University of California-Davis,"Public, 4-year or above",Mixed Undergraduate/Graduate-Doctorate Large,Yes,Yes,0.863779365,42,9,0.011839328,-0.004045813,-0.011839328,-0.007793514,0.27260697,-0.003692465,,-0.008340302,-0.008146863,-0.159608587,1561,1324,1295,31167.66667,7350.666667,112,506,103,2332,627
201645,Case Western Reserve University,"Private not-for-profit, 4-year or above",Mixed Undergraduate/Graduate-Doctorate Medium,Yes,No,0.863969672,43,3,,,,,-0.07549963,,-0.002329948,,,0.173359706,712,537,565,6446.666667,5197.333333,-55,-47,-43,1402.666667,-578.6666667
122436,University of San Diego,"Private not-for-profit, 4-year or above",Mixed Undergraduate/Graduate-Doctorate Medium,No,No,0.865565486,44,10,0.014990614,-0.007597946,-0.014990614,-0.007392668,0.179954442,-0.006415949,-0.004565465,-0.0040092,-0.008574665,-0.170566646,371,147,297,5954.333333,2504,1,78,7,384.6666667,561.6666667
126818,Colorado State University-Fort Collins,"Public, 4-year or above",Mixed Undergraduate/Graduate-Doctorate Large,Yes,No,0.868785751,45,9,0.007732526,-0.00479338,-0.007732526,-0.002939146,0.134856301,-0.005184414,,-0.001252268,-0.002548112,-0.151692428,1071,469,842,24386,4650.666667,45,138,65,1342.333333,333.6666667
164988,Boston University,"Private not-for-profit, 4-year or above",Mixed Undergraduate/Graduate-Doctorate Large,Yes,No,0.870551577,46,9,0.005141675,,-0.005141675,-0.004264165,0.224768946,-0.001040027,-0.001383775,-0.002717873,-0.004101648,-0.081212459,941,2372,701,17975,13250,48,560,23,908.3333333,1858.333333
243744,Stanford University,"Private not-for-profit, 4-year or above",Mixed Undergraduate/Graduate-Doctorate Large,Yes,Yes,0.917404951,47,5,0.001743609,-0.0023265,-0.001743609,,0.136683417,-0.001132883,,,,,1598,664,1264,7308,10051.66667,155,117,112,274,637.6666667
159391,Louisiana State University and Agricultural & Mechanical College,"Public, 4-year or above",Mixed Undergraduate/Graduate-Doctorate Large,Yes,No,0.92312134,48,9,0.009393812,-0.003586354,-0.009393812,-0.005807458,0.095638868,-0.003326275,,-0.006474305,-0.006067537,0.568136223,956,476,692,32014,6536,-24,149,-18,7833.333333,1987.666667
186380,Rutgers University-New Brunswick,"Public, 4-year or above",Mixed Undergraduate/Graduate-Doctorate Large,Yes,Yes,0.92675016,49,9,0.004949781,0.001498058,-0.004949781,-0.006447839,0.112796209,0.002675277,-0.003109344,-0.004515714,-0.007625058,,1709,1813,1328,38577.66667,10982,-5,362,-99,3841.666667,503.3333333
216597,Villanova University,"Private not-for-profit, 4-year or above",Mixed Undergraduate/Graduate-Doctorate Medium,No,No,0.930313262,50,9,0.010819848,-0.00501465,-0.010819848,-0.005805198,0.216174184,-0.008574185,-0.002271636,,-0.002245663,-0.174781024,493,289,383,6742.333333,2139.333333,28,111,50,82.66666667,13
179867,Washington University in St Louis,"Private not-for-profit, 4-year or above",Mixed Undergraduate/Graduate-Doctorate Medium,Yes,No,0.942344761,51,9,0.003936764,0.002096328,-0.003936764,-0.006033092,0.216045483,,-0.002608065,-0.002231663,-0.004839728,-0.063227931,1525,400,1109,7693.666667,7061,229,113,144,565.3333333,534.3333333
228723,Texas A & M University-College Station,"Public, 4-year or above",Mixed Undergraduate/Graduate-Doctorate Large,Yes,No,0.949676624,52,10,0.006497409,0.00161199,-0.006497409,-0.008109399,0.16747182,0.001574146,-0.006517068,-0.001554487,-0.008071555,0.126389845,2169,1456,1642,57240.33333,15459,147,373,-32,10268,2604.666667
243780,Purdue University-Main Campus,"Public, 4-year or above",Mixed Undergraduate/Graduate-Doctorate Large,Yes,No,0.956418606,53,8,0.012312372,,-0.012312372,-0.009660944,0.237623762,,-0.003545863,-0.005916385,-0.009462247,0.538219571,1639,611,1204,41741.66667,9726.333333,-91,523,-86,11834,1873.666667
233921,Virginia Polytechnic Institute and State University,"Public, 4-year or above",Mixed Undergraduate/Graduate-Doctorate Large,Yes,No,0.974965053,54,10,0.015177295,-0.004653665,-0.015177295,-0.01052363,0.283830275,-0.004306189,-0.005351689,-0.005519416,-0.010871105,-0.116181115,1532,707,1119,30986,6273,112,383,66,5580.333333,415.3333333
182281,University of Nevada-Las Vegas,"Public, 4-year or above",Mixed Undergraduate/Graduate-Doctorate Large,Yes,No,0.975150603,55,9,0.011150474,-0.003007682,-0.011150474,-0.008142792,0.335067638,-0.002165805,,-0.007556179,-0.008984668,-0.279624913,743,540,551,23049,4239.666667,36,286,18,2596.333333,903
240727,University of Wyoming,"Public, 4-year or above",Mixed Undergraduate/Graduate-Doctorate Medium,No,No,0.981141525,56,6,0.008041812,,-0.008041812,-0.010188189,,,-0.009945829,,-0.010549723,-0.278356799,526,239,350,7273.333333,1981.666667,-57,61,-69,-1390.666667,75
190150,Columbia University in the City of New York,"Private not-for-profit, 4-year or above",Mixed Undergraduate/Graduate-Doctorate Large,Yes,No,0.989778193,57,10,0.005639808,-0.001422969,-0.005639808,-0.004216839,0.25560772,-0.001063461,0.000497832,-0.005074179,-0.004576347,-0.014729064,1757,3057,1351,8871,22458.33333,139,841,104,1128.333333,4041.666667
186131,Princeton University,"Private not-for-profit, 4-year or above",Mixed Undergraduate/Graduate-Doctorate Medium,No,No,0.992879135,58,7,0.003923055,-0.003132877,-0.003923055,,0.193722944,-0.003132877,0.001595899,-0.002386077,,,859,244,668,5855.333333,3363.666667,106,73,93,554.6666667,41.66666667
187985,University of New Mexico-Main Campus,"Public, 4-year or above",Mixed Undergraduate/Graduate-Doctorate Large,Yes,Yes,0.999716435,59,10,0.007642808,-0.004152008,-0.007642808,-0.0034908,0.178240741,-0.003857083,-0.004787097,0.001001372,-0.003785725,-0.276835376,920,1116,665,16341.33333,3917,29,279,46,-1283.666667,-367
180489,The University of Montana,"Public, 4-year or above",Mixed Undergraduate/Graduate-Doctorate Medium,No,No,1.003227693,60,5,0.009990889,,-0.009990889,-0.012269495,,,-0.009370739,,-0.012749394,,399,131,316,6780.333333,1797.333333,-69,42,-63,-1816.666667,222.6666667
145336,Governors State University,"Public, 4-year or above",Mixed Undergraduate/Graduate-Doctorate Medium,No,No,1.008195465,61,3,,,,,0.231155779,,,0.002057816,,-0.408372754,172,73,115,2124.666667,1123.333333,32,14,27,-331.6666667,-270.6666667
217882,Clemson University,"Public, 4-year or above",Mixed Undergraduate/Graduate-Doctorate Large,No,No,1.070674499,62,8,0.009298114,-0.006751416,-0.009298114,-0.002546698,0.33105802,-0.005012021,-0.003075237,,-0.004286093,,1027,533,749,23504,3975,171,217,142,5382.333333,445.3333333
225511,University of Houston,"Public, 4-year or above",Mixed Undergraduate/Graduate-Doctorate Large,Yes,No,1.079032768,63,7,0.005485126,,-0.005485126,-0.003710136,0.131028939,,-0.005889455,0.001483943,-0.004405512,,1041,366,780,34246.66667,6873.333333,62,101,42,5036.333333,430.3333333
131496,Georgetown University,"Private not-for-profit, 4-year or above",Mixed Undergraduate/Graduate-Doctorate Large,Yes,No,1.087423797,64,8,0.006296399,,-0.006296399,-0.007751677,0.195614035,0.002855822,-0.009040114,,-0.009152221,-0.075921581,833,530,675,7550.666667,9707,65,158,17,362.3333333,1093.666667
140252,Life University,"Private not-for-profit, 4-year or above",Mixed Undergraduate/Graduate-Doctorate Small,No,Yes,1.095378292,65,2,,,,,-0.13740458,,,,,0.228337917,0,113,0,755.3333333,1448.333333,0,-18,0,162,-379
217961,Converse University,"Private not-for-profit, 4-year or above",Mixed Undergraduate/Graduate-Doctorate Small,No,No,1.107694289,66,6,0.002335286,0.00487635,-0.002335286,-0.007211636,0.148148148,,,,-0.005928111,,87,6,50,829,94.66666667,9,3,-1,-4.333333333,-146.6666667
123961,University of Southern California,"Private not-for-profit, 4-year or above",Mixed Undergraduate/Graduate-Doctorate Large,Yes,Yes,1.117370411,67,7,,0.001843414,,-0.002647303,,0.000661818,0.00068656,-0.002152267,-0.001465707,0.08405189,1488,942,1184,20487.33333,22067.33333,18,43,9,2092.666667,571.6666667
233374,University of Richmond,"Private not-for-profit, 4-year or above",Mixed Undergraduate/Graduate-Doctorate Medium,No,No,1.122557899,68,8,0.00482505,-0.003029287,-0.00482505,,0.131707317,-0.004215825,-0.003390268,0.002781042,,-0.150287255,332,132,258,2985.333333,512.3333333,26,28,27,-175.3333333,-72
131469,George Washington University,"Private not-for-profit, 4-year or above",Mixed Undergraduate/Graduate-Doctorate Large,Yes,No,1.125274639,69,7,0.011248993,-0.008460304,-0.011248993,-0.002788689,,-0.008958165,-0.003262341,,-0.002290829,,730,468,647,11028.33333,9433,-103,121,-6,240.3333333,-1011.333333
137351,University of South Florida,"Public, 4-year or above",Mixed Undergraduate/Graduate-Doctorate Large,Yes,No,1.12943375,70,9,0.014827275,-0.006533517,-0.014827275,-0.008293758,0.313253012,-0.003600877,-0.007443811,-0.003782587,-0.011226397,,999,1290,768,34264.33333,8016.333333,9,537,5,7768.666667,-241.6666667
144050,University of Chicago,"Private not-for-profit, 4-year or above",Mixed Undergraduate/Graduate-Doctorate Large,Yes,No,1.130678127,71,10,0.011379943,-0.00213616,-0.011379943,-0.009243783,0.378054403,-0.001488552,-0.00221889,-0.007672501,-0.009891391,-0.029592261,1235,1754,943,7514,10286,115,705,82,1535.666667,2128.666667
196079,Binghamton University,"Public, 4-year or above",Mixed Undergraduate/Graduate-Doctorate Large,No,No,1.134471501,72,7,0.009060328,-0.006311164,-0.009060328,,0.360989811,-0.006891533,,-0.004879067,,-0.403100321,667,268,453,14287,2934.333333,120,128,98,953,286.3333333
185590,Montclair State University,"Public, 4-year or above",Mixed Undergraduate/Graduate-Doctorate Large,No,No,1.138935224,73,7,0.008789193,-0.005159605,-0.008789193,,0.161290323,-0.006992633,-0.004770352,0.002973792,,,557,163,449,18029.33333,2920.666667,29,71,40,2447.333333,563
104179,University of Arizona,"Public, 4-year or above",Mixed Undergraduate/Graduate-Doctorate Large,Yes,No,1.151348277,74,9,0.015753175,-0.008750483,-0.015753175,-0.007002692,0.175317797,-0.008121683,-0.001119467,-0.006512025,-0.007631492,,1464,755,1173,37132,8842.666667,-10,341,51,6468,1083.666667
131159,American University,"Private not-for-profit, 4-year or above",Mixed Undergraduate/Graduate-Doctorate Medium,No,No,1.15427859,75,3,,,,,,,,0.00162502,0.001729639,-0.148602188,452,347,352,6588,3423.666667,30,-18,18,-1074.666667,-467
232025,Emory & Henry University,"Private not-for-profit, 4-year or above",Mixed Undergraduate/Graduate-Doctorate Small,No,No,1.157477774,76,6,0.015499322,-0.010662671,-0.015499322,,,,-0.005664886,-0.006239578,-0.011904464,,54,32,37,865.6666667,228.3333333,-8,7,-6,-143,110.6666667
228778,The University of Texas at Austin,"Public, 4-year or above",Mixed Undergraduate/Graduate-Doctorate Large,Yes,Yes,1.159865145,77,9,0.003754973,0.003532822,-0.003754973,-0.007287795,0.073871907,0.003489317,-0.003405552,-0.003838738,-0.00724429,,1869,1082,1454,42641.33333,12236.66667,38,165,-59,4429.333333,1661
202480,University of Dayton,"Private not-for-profit, 4-year or above",Mixed Undergraduate/Graduate-Doctorate Medium,No,No,1.1622817,78,4,,-0.0065537,,,,-0.007921002,,0.002635101,,-0.165934551,382,163,304,7050,1885.666667,-25,-11,17,-975.3333333,-140
190415,Cornell University,"Private not-for-profit, 4-year or above",Mixed Undergraduate/Graduate-Doctorate Large,Yes,No,1.189270361,79,9,0.004464719,0.004498155,-0.004464719,-0.008962873,0.111784141,0.003764617,-0.003006789,-0.005222547,-0.008229336,,1518,501,1106,16116,9822.333333,90,113,0,1556.666667,2124
141574,University of Hawaii at Manoa,"Public, 4-year or above",Mixed Undergraduate/Graduate-Doctorate Large,Yes,No,1.192247496,80,4,,,,,-0.009581882,,-0.003378338,0.002721593,,0.325366243,924,213,703,14053,3033.666667,-7,-4,-47,2428.333333,-395.6666667
122409,San Diego State University,"Public, 4-year or above",Mixed Undergraduate/Graduate-Doctorate Large,No,No,1.192592827,81,7,0.004829077,,-0.004829077,-0.00416878,0.227586207,,0.001959937,-0.008036884,-0.006076947,,813,255,596,34982,4149.666667,114,84,63,7168.666667,563
215062,University of Pennsylvania,"Private not-for-profit, 4-year or above",Mixed Undergraduate/Graduate-Doctorate Large,Yes,Yes,1.193064277,82,8,,0.003217637,,-0.002854771,0.134558093,0.002496897,0.000770899,-0.002904929,-0.00213403,-0.075404976,1795,490,1354,10628.66667,15386.66667,252,19,155,-255.3333333,3712
236948,University of Washington-Seattle Campus,"Public, 4-year or above",Mixed Undergraduate/Graduate-Doctorate Large,Yes,Yes,1.195815079,83,2,,,,,0.445735411,,,,,-0.199327625,3420,2055,2506,33993,14225.66667,709,979,444,4762,1392.333333
145600,University of Illinois Chicago,"Public, 4-year or above",Mixed Undergraduate/Graduate-Doctorate Large,Yes,Yes,1.198795903,84,7,0.003897963,,-0.003897963,-0.002858197,0.208564232,-0.003015614,-0.002799216,0.001916867,,,1395,1004,1058,22848.66667,9285.666667,161,253,179,5851,237.3333333
236939,Washington State University,"Public, 4-year or above",Mixed Undergraduate/Graduate-Doctorate Large,Yes,No,1.198892928,85,8,0.004157305,-0.003011618,-0.004157305,,0.014619883,-0.002380003,-0.003572758,0.001795456,,-0.403924724,832,556,622,19944,3355.666667,-54,74,-29,-2792,-761.6666667
110653,University of California-Irvine,"Public, 4-year or above",Mixed Undergraduate/Graduate-Doctorate Large,Yes,Yes,1.205763869,86,8,0.008039415,,-0.008039415,-0.00795256,0.411039342,,-0.00245448,-0.005924711,-0.008379191,-0.427216315,1400,1003,1146,29846.66667,6746,275,425,211,2810.333333,1543.666667
241410,Pontifical Catholic University of Puerto Rico-Ponce,"Private not-for-profit, 4-year or above",Mixed Undergraduate/Graduate-Doctorate Medium,No,No,1.205822547,87,2,,,,,-0.170940171,,,,,-0.356235532,0,194,0,3619.666667,1265,0,-40,0,-1178.333333,-433
221999,Vanderbilt University,"Private not-for-profit, 4-year or above",Mixed Undergraduate/Graduate-Doctorate Medium,Yes,No,1.215668151,88,8,0.002406623,0.001631588,-0.002406623,-0.004038211,,0.002257184,-0.003313239,-0.001350568,-0.004663807,,761,489,574,7328.666667,5828.666667,-15,39,-33,493.6666667,578.6666667
164924,Boston College,"Private not-for-profit, 4-year or above",Mixed Undergraduate/Graduate-Doctorate Medium,No,No,1.243479674,89,8,0.006708279,,-0.006708279,-0.006142665,0.135200974,,-0.008983564,0.002601723,-0.006381841,-0.085247117,627,305,477,10244.33333,4219,25,86,5,523,351.6666667
228787,The University of Texas at Dallas,"Public, 4-year or above",Mixed Undergraduate/Graduate-Doctorate Large,No,No,1.248683706,90,8,,0.004471772,,-0.004739037,0.2,0.005277773,-0.002289624,-0.003255414,-0.005545038,0.180449059,626,388,412,20912.33333,5798.666667,102,67,29,5580.333333,-1704.333333
240444,University of Wisconsin-Madison,"Public, 4-year or above",Mixed Undergraduate/Graduate-Doctorate Large,Yes,Yes,1.276617427,91,10,0.005394886,0.003639966,-0.005394886,-0.009034851,0.224568709,0.003651385,-0.001480761,-0.00756551,-0.009046271,0.052874645,2147,1970,1538,36595,11204.33333,211,544,33,7224.333333,858.3333333
110705,University of California-Santa Barbara,"Public, 4-year or above",Mixed Undergraduate/Graduate-Doctorate Large,No,No,1.286168408,92,4,,,,,0.203862661,,0.005193444,-0.007590573,,-0.250141321,943,179,753,22797.66667,2782.333333,144,46,79,1473.666667,122.3333333
133951,Florida International University,"Public, 4-year or above",Mixed Undergraduate/Graduate-Doctorate Large,Yes,No,1.286875102,93,8,0.007967163,-0.008495306,-0.007967163,,0.154631083,-0.007019974,-0.003263787,0.002316597,,-0.477385532,703,768,563,34213,7954.333333,-15,212,54,1386.333333,560
182670,Dartmouth College,"Private not-for-profit, 4-year or above",Mixed Undergraduate/Graduate-Doctorate Medium,Yes,No,1.28901716,94,4,-0.00136874,,0.00136874,,0.084507042,,,-0.001438248,,,644,126,488,4593.666667,2488,53,7,40,310.3333333,436.3333333
166027,Harvard University,"Private not-for-profit, 4-year or above",Mixed Undergraduate/Graduate-Doctorate Large,Yes,No,1.300094799,95,6,,0.002196871,,-0.001553018,-0.040711277,0.001970602,,-0.001553018,-0.00132675,,1455,595,1205,7516.666667,16072.66667,-44,-43,-60,-555.6666667,448.3333333
221759,The University of Tennessee-Knoxville,"Public, 4-year or above",Mixed Undergraduate/Graduate-Doctorate Large,Yes,No,1.344447561,96,8,0.012636735,,-0.012636735,-0.012940593,0.330935252,,-0.007432115,-0.006763382,-0.014195497,0.225295617,1263,772,876,31333.66667,5847.333333,148,358,23,10102,1371.666667
209542,Oregon State University,"Public, 4-year or above",Mixed Undergraduate/Graduate-Doctorate Large,Yes,No,1.38711813,97,6,0.008897764,-0.010731966,-0.008897764,,,-0.011112255,,-0.001032517,,0.318721191,888,631,680,25747.33333,4281.666667,-35,175,75,4737,212
194091,New York Institute of Technology,"Private not-for-profit, 4-year or above",Mixed Undergraduate/Graduate-Doctorate Medium,Yes,No,1.400725261,98,7,0.017777117,-0.007700599,-0.017777117,-0.010076518,,-0.010933116,,-0.007287626,-0.006844,,182,146,141,3328,2806.666667,-47,59,-21,21.66666667,-652.3333333
175856,Jackson State University,"Public, 4-year or above",Mixed Undergraduate/Graduate-Doctorate Medium,No,No,1.440393076,99,3,,0.005553387,,-0.005727795,-0.181333333,,,,,,204,103,157,4599.666667,1008.333333,-54,-14,-29,-2235.666667,-316.6666667
120883,University of the Pacific,"Private not-for-profit, 4-year or above",Mixed Undergraduate/Graduate-Doctorate Medium,Yes,No,1.440438731,100,9,0.017415368,-0.003218,-0.017415368,-0.014197368,0.131519274,-0.00529304,-0.010593693,,-0.012122328,-0.204666389,301,198,241,3015,3132.333333,-33,91,-26,-401.3333333,944
140447,Mercer University,"Private not-for-profit, 4-year or above",Mixed Undergraduate/Graduate-Doctorate Medium,Yes,No,1.445650337,101,10,0.007789307,0.005082433,-0.007789307,-0.01287174,0.097447796,0.004121039,-0.008742687,-0.003167659,-0.011910346,-0.146337139,311,162,216,4321.666667,3468.666667,2,40,-21,63,316.3333333
207971,University of Tulsa,"Private not-for-profit, 4-year or above",Mixed Undergraduate/Graduate-Doctorate Medium,No,No,1.4561969,102,9,0.015322654,-0.008777737,-0.015322654,-0.006544917,-0.137931034,-0.00826728,-0.003205832,-0.003849542,-0.007055373,,190,110,150,2877.666667,991.6666667,-73,25,-48,-430.3333333,84.66666667
110635,University of California-Berkeley,"Public, 4-year or above",Mixed Undergraduate/Graduate-Doctorate Large,No,No,1.459898412,103,10,0.005690864,0.002340345,-0.005690864,-0.008031209,0.236273905,0.003046855,0.001214969,-0.009952689,-0.008737719,-0.138061306,1536,468,1203,32146.66667,11265.66667,183,200,73,3638,1509
217484,University of Rhode Island,"Public, 4-year or above",Mixed Undergraduate/Graduate-Doctorate Large,No,No,1.460056986,104,8,0.008530367,,-0.008530367,-0.008488543,0.069060773,,0.003857093,-0.011452879,-0.007595786,-0.079679976,536,238,382,13352.66667,1996.333333,-8,58,-27,92,-194.3333333
199148,University of North Carolina at Greensboro,"Public, 4-year or above",Mixed Undergraduate/Graduate-Doctorate Large,No,No,1.461869677,105,6,0.006296228,,-0.006296228,-0.010684258,,,-0.013228232,,-0.011578652,-0.360681926,487,323,347,13133.66667,2538.333333,-30,66,-79,-1704,356.3333333
166629,University of Massachusetts-Amherst,"Public, 4-year or above",Mixed Undergraduate/Graduate-Doctorate Large,No,No,1.467267904,106,10,0.008460144,-0.007065525,-0.008460144,-0.00139462,0.140919367,-0.006981212,-0.0046704,0.003191469,-0.001478932,-0.092131866,1063,451,832,23227.66667,4517,17,170,71,1130,771.6666667
110680,University of California-San Diego,"Public, 4-year or above",Mixed Undergraduate/Graduate-Doctorate Large,Yes,Yes,1.472616758,107,7,0.007525309,,-0.007525309,-0.007457768,0.473877177,,,-0.008422955,-0.00752553,-0.157484162,1590,1626,1264,34917.33333,8972.333333,340,694,239,7284.333333,2398.333333
110662,University of California-Los Angeles,"Public, 4-year or above",Mixed Undergraduate/Graduate-Doctorate Large,Yes,Yes,1.477042772,108,10,0.010865873,0.000505785,-0.010865873,-0.011371659,0.382120947,0.000809385,-0.001748011,-0.009927247,-0.011675258,-0.185828533,1888,2843,1555,33205.66667,12894.66667,152,1156,35,2686,891
196592,Touro University,"Private not-for-profit, 4-year or above",Mixed Undergraduate/Graduate-Doctorate Medium,Yes,No,1.48283604,109,10,0.001393556,0.002075132,-0.001393556,-0.003468688,0.075,0.001179397,0.000368527,-0.00294148,-0.002572953,-0.491913267,28,488,25,3800,5903,-5,41,-8,-1884.333333,1324.666667
129525,University of Hartford,"Private not-for-profit, 4-year or above",Mixed Undergraduate/Graduate-Doctorate Medium,No,No,1.483660203,110,6,,0.006667744,,-0.006043752,-0.084931507,0.003830902,,,-0.003206911,-0.150365982,248,86,186,4052.666667,1145.666667,-20,-11,-26,-669.3333333,167
126562,University of Colorado Denver/Anschutz Medical Campus,"Public, 4-year or above",Mixed Undergraduate/Graduate-Doctorate Large,Yes,Yes,1.508751303,111,8,0.002951371,0.002333089,-0.002951371,-0.005284461,0.421642764,,-0.002182042,,-0.002732158,-0.114175148,3196,2256,1817,10491,5741,866,751,454,-69.66666667,-177.6666667
188030,New Mexico State University-Main Campus,"Public, 4-year or above",Mixed Undergraduate/Graduate-Doctorate Medium,No,No,1.511885044,112,8,0.014844933,,-0.014844933,-0.017240266,0.138461538,,-0.010008018,-0.005282822,-0.01529084,-0.104138625,509,231,333,11467.66667,2095.666667,-24,114,-50,876,154.6666667
146719,Loyola University Chicago,"Private not-for-profit, 4-year or above",Mixed Undergraduate/Graduate-Doctorate Medium,Yes,No,1.512800889,113,9,0.008325408,0.005535033,-0.008325408,-0.013860441,0.065701559,0.004451857,-0.004592598,-0.008184667,-0.012777265,,558,399,381,11655.66667,4152,-21,80,-61,1038,-228.3333333
238032,West Virginia University,"Public, 4-year or above",Mixed Undergraduate/Graduate-Doctorate Large,Yes,No,1.522075937,114,8,0.012848851,-0.007179479,-0.012848851,-0.005669372,-0.212916962,-0.007084339,-0.003885216,,-0.005764512,,662,447,517,17562,4164.666667,-360,60,-217,-3570.666667,-944.6666667
178402,University of Missouri-Kansas City,"Public, 4-year or above",Mixed Undergraduate/Graduate-Doctorate Medium,Yes,No,1.53678334,115,7,0.00275331,,-0.00275331,-0.004036091,-0.156558533,0.002004757,-0.00515493,,-0.004758067,,337,261,257,7817.333333,3194,-80,-31,-76,-530,-710
484905,University of North Texas at Dallas,"Public, 4-year or above",Mixed Undergraduate/Graduate-Doctorate Medium,No,No,1.538278309,116,6,0.013074646,-0.012064322,-0.013074646,,,-0.012060048,,-0.006074489,,0.332705991,41,52,18,2215,604.6666667,-3,10,2,547.3333333,51.66666667
241331,Albizu University-San Juan,"Private not-for-profit, 4-year or above",Mixed Undergraduate/Graduate-Doctorate Small,No,No,1.568422194,117,2,,,,,0.423076923,,,,,0.835302465,0,37,0,707,1678.666667,0,11,0,501.3333333,631
166638,University of Massachusetts-Boston,"Public, 4-year or above",Mixed Undergraduate/Graduate-Doctorate Medium,No,No,1.599072556,118,6,0.007086595,-0.009992113,-0.007086595,,,-0.008242665,-0.003676148,0.004832219,,,480,242,351,10827.66667,2089.666667,-26,34,15,356.6666667,-200.3333333
214777,Pennsylvania State University-Main Campus,"Public, 4-year or above",Mixed Undergraduate/Graduate-Doctorate Large,Yes,Yes,1.608814218,119,7,0.019637826,,-0.019637826,,,-0.003696651,-0.008155386,-0.007785789,-0.015941175,-0.524977671,2005,2091,1546,42079.33333,7428,230,1116,140,1533.666667,1461.333333
232982,Old Dominion University,"Public, 4-year or above",Mixed Undergraduate/Graduate-Doctorate Large,Yes,No,1.614452962,120,8,0.013491664,,-0.013491664,-0.011626728,0.429256595,-0.006909775,-0.006192798,,-0.006581889,-0.797628577,691,501,533,14957.33333,4019,106,252,107,-1775.666667,1466.666667
239105,Marquette University,"Private not-for-profit, 4-year or above",Mixed Undergraduate/Graduate-Doctorate Medium,Yes,No,1.615128586,121,8,0.017676693,-0.012146141,-0.017676693,-0.005530551,,-0.011927927,-0.003540949,,-0.005748766,-0.122398782,380,291,297,7962,2985.666667,-89,112,-39,-100,569.6666667
186584,Seton Hall University,"Private not-for-profit, 4-year or above",Mixed Undergraduate/Graduate-Doctorate Medium,No,No,1.620374894,122,8,0.003098378,,-0.003098378,-0.003050689,-0.019271949,,-0.0063697,0.00348734,-0.00288236,0.184811073,269,189,215,6066,2424,-26,17,-25,418,13.33333333
117946,Loyola Marymount University,"Private not-for-profit, 4-year or above",Mixed Undergraduate/Graduate-Doctorate Medium,No,No,1.629935185,123,9,0.009905443,0.005268228,-0.009905443,-0.015173671,0.158703072,0.004115872,-0.004355825,-0.009665491,-0.014021315,,453,226,337,7074.333333,2509.666667,18,75,-21,958,41.33333333
196097,Stony Brook University,"Public, 4-year or above",Mixed Undergraduate/Graduate-Doctorate Large,Yes,Yes,1.658472504,124,10,0.018615007,-0.009193787,-0.018615007,-0.00942122,0.370092379,-0.008183809,-0.003039074,-0.007392123,-0.010431197,-0.211256091,996,1377,773,17953,6828,-11,652,34,1705.666667,312.6666667
136172,University of North Florida,"Public, 4-year or above",Mixed Undergraduate/Graduate-Doctorate Medium,No,No,1.66158499,125,10,0.0143115,-0.004423869,-0.0143115,-0.009887631,0.205179283,-0.00428541,-0.012506079,0.00247999,-0.01002609,-0.370384314,364,241,261,12457.66667,1776,-8,111,5,1374.333333,612.6666667
190594,CUNY Hunter College,"Public, 4-year or above",Mixed Undergraduate/Graduate-Doctorate Large,No,No,1.712164287,126,4,,,,,-0.132045089,,-0.002223606,0.003868664,,0.593551707,487,52,399,14707.33333,3574,-57,-25,-48,984.3333333,501.3333333
142285,University of Idaho,"Public, 4-year or above",Mixed Undergraduate/Graduate-Doctorate Medium,Yes,No,1.723917445,127,7,0.010867365,-0.01196162,-0.010867365,,-0.029824561,-0.010972708,,0.002432332,,0.164832782,383,170,293,8267.333333,2094.333333,-73,56,-29,226,489
139940,Georgia State University,"Public, 4-year or above",Mixed Undergraduate/Graduate-Doctorate Large,No,No,1.734931708,128,8,0.007600033,,-0.007600033,-0.004810708,0.018181818,0.002081308,-0.012529166,0.002847825,-0.009681341,,681,495,496,22420,6573.666667,-63,84,-84,1205.333333,737.3333333
240453,University of Wisconsin-Milwaukee,"Public, 4-year or above",Mixed Undergraduate/Graduate-Doctorate Large,No,No,1.773898284,129,7,0.003819758,,-0.003819758,-0.005103397,-0.129032258,,-0.008950807,0.003430805,-0.005520002,,558,333,450,16379.33333,2852.333333,-142,10,-116,-2342,-460
167987,University of Massachusetts-Dartmouth,"Public, 4-year or above",Mixed Undergraduate/Graduate-Doctorate Medium,No,No,1.774027694,130,7,0.008892507,-0.010142411,-0.008892507,,-0.045112782,-0.010949407,,0.003862938,,-0.30751018,260,121,217,5211.333333,1223.333333,-46,28,-8,-1129,178.6666667
131283,The Catholic University of America,"Private not-for-profit, 4-year or above",Mixed Undergraduate/Graduate-Doctorate Medium,No,No,1.782443946,131,4,,,,,-0.317191283,,-0.004199102,,-0.00450164,0.253238887,220,62,161,3152.666667,1464.666667,-95,-36,-87,8.333333333,-199
165015,Brandeis University,"Private not-for-profit, 4-year or above",Mixed Undergraduate/Graduate-Doctorate Medium,No,No,1.786192565,132,10,0.00267482,0.007117303,-0.00267482,-0.009792123,0.022346369,0.007455249,-0.006173595,-0.003956474,-0.010130069,-0.114116025,248,118,173,3346.666667,1148.666667,1,7,-22,-250,-630.3333333
110714,University of California-Santa Cruz,"Public, 4-year or above",Mixed Undergraduate/Graduate-Doctorate Large,No,No,1.797734032,133,8,0.009293038,,-0.009293038,-0.010740051,0.427083333,0.001956825,,-0.009797716,-0.011249863,-0.815420204,669,153,508,17906.66667,1908.666667,146,100,89,1246.666667,141.6666667
159939,University of New Orleans,"Public, 4-year or above",Mixed Undergraduate/Graduate-Doctorate Medium,No,No,1.80072644,134,2,,,,,-0.239852399,,,0.003924931,,,164,42,133,4024,687.3333333,-29,-36,-19,-1246,-392.3333333
155317,University of Kansas,"Public, 4-year or above",Mixed Undergraduate/Graduate-Doctorate Large,Yes,No,1.824370362,135,10,0.018885199,-0.002560228,-0.018885199,-0.016324971,0.276411658,-0.002794347,-0.010750396,-0.005340456,-0.016090852,-0.076965171,1122,1681,837,21021.33333,6335.333333,-135,742,-147,3173.333333,-342.3333333
227757,Rice University,"Private not-for-profit, 4-year or above",Mixed Undergraduate/Graduate-Doctorate Medium,No,No,1.84625152,136,8,0.003493954,0.006667337,-0.003493954,-0.010161291,0.268256334,0.006283815,,-0.010071112,-0.009777769,,636,215,466,4746.333333,3879.333333,119,61,45,891.3333333,1072.666667
184603,Fairleigh Dickinson University-Metropolitan Campus,"Private not-for-profit, 4-year or above",Mixed Undergraduate/Graduate-Doctorate Medium,No,No,1.851161432,137,4,,,,-0.003831772,-0.255434783,,,,-0.004443063,0.750444969,95,42,64,3609.333333,1596,-34,-13,-29,266.3333333,-76
134130,University of Florida,"Public, 4-year or above",Mixed Undergraduate/Graduate-Doctorate Large,Yes,Yes,1.883159073,138,10,0.009471221,0.006001495,-0.009471221,-0.015472716,0.258899676,0.005889181,-0.006466476,-0.008893926,-0.015360402,-0.230800197,2175,937,1573,35265.66667,15224,201,439,-43,3071.666667,745.6666667
199157,North Carolina Central University,"Public, 4-year or above",Mixed Undergraduate/Graduate-Doctorate Medium,No,No,1.902875562,139,5,,0.013061527,,-0.014214576,-0.092348285,,-0.005083221,,,0.289720864,233,111,152,6701.666667,1536.666667,-26,-9,-20,1046,62.33333333
152099,Oakland City University,"Private not-for-profit, 4-year or above",Mixed Undergraduate/Graduate-Doctorate Small,No,No,1.906183182,140,2,,,,,-0.333333333,,,,,-0.648279105,0,24,0,467,70,0,-12,0,-316,-50
234030,Virginia Commonwealth University,"Public, 4-year or above",Mixed Undergraduate/Graduate-Doctorate Large,Yes,Yes,1.914375838,141,9,0.004258268,-0.007387457,-0.004258268,0.003129189,,-0.00686063,0.001280803,0.001321558,0.002602361,-0.126273105,868,1272,748,19886.33333,5915.333333,-62,126,56,-1578,197.6666667
137546,Stetson University,"Private not-for-profit, 4-year or above",Mixed Undergraduate/Graduate-Doctorate Medium,No,No,1.939684053,142,7,0.003519038,-0.00348856,-0.003519038,,,-0.00245514,0.00857058,-0.009634479,,-0.379813268,204,57,153,2361.333333,1162.666667,-16,10,-12,-700.3333333,9.333333333
204796,Ohio State University-Main Campus,"Public, 4-year or above",Mixed Undergraduate/Graduate-Doctorate Large,Yes,Yes,1.956526604,143,10,0.019147535,-0.004732752,-0.019147535,-0.014414782,0.449718423,-0.004819639,-0.008192175,-0.006135721,-0.014327896,-0.389636895,2624,2782,1934,44287,11586.33333,199,1478,106,1102,399.3333333
159656,Loyola University New Orleans,"Private not-for-profit, 4-year or above",Mixed Undergraduate/Graduate-Doctorate Medium,No,No,1.959637023,144,7,0.010548779,,-0.010548779,-0.015580701,,0.007501353,-0.008424568,-0.009625563,-0.018050131,,153,97,98,2651.666667,960.6666667,-29,23,-44,265.6666667,218.3333333
227216,University of North Texas,"Public, 4-year or above",Mixed Undergraduate/Graduate-Doctorate Large,No,No,2.000457436,145,5,,0.010155198,,-0.00973432,,0.009172254,-0.009857839,,-0.008751376,,816,432,576,30983.66667,7270.333333,69,84,-36,3579.333333,2898.333333
160904,Xavier University of Louisiana,"Private not-for-profit, 4-year or above",Mixed Undergraduate/Graduate-Doctorate Small,No,No,2.006303216,146,7,0.007752375,,-0.007752375,-0.008308773,0.122171946,,-0.014822164,0.005344049,-0.009478115,,167,81,97,2516.333333,496.6666667,5,22,-2,351,-226.3333333
227368,The University of Texas Rio Grande Valley,"Public, 4-year or above",Mixed Undergraduate/Graduate-Doctorate Large,Yes,Yes,2.013890006,147,8,0.010842072,-0.009494362,-0.010842072,,0.222415291,-0.008596148,-0.009035771,0.006789846,-0.002245925,,677,730,486,25162.33333,3158,2,254,44,5252,1188.333333
222831,Angelo State University,"Public, 4-year or above",Mixed Undergraduate/Graduate-Doctorate Medium,No,No,2.040315636,148,6,,-0.003910485,,0.004560643,,-0.004442086,0.002492853,0.002599391,0.005092244,,206,97,146,6965.333333,1451.666667,18,15,25,842,405.3333333
122755,San Jose State University,"Public, 4-year or above",Mixed Undergraduate/Graduate-Doctorate Large,No,No,2.041644665,149,6,0.009367706,,-0.009367706,,0.2,,0.007300034,-0.013896441,,-0.395142875,679,209,464,26329.66667,6847,33,115,5,3110.333333,2466.333333
127060,University of Denver,"Private not-for-profit, 4-year or above",Mixed Undergraduate/Graduate-Doctorate Medium,No,No,2.094214681,150,7,0.003011705,-0.003900246,-0.003011705,,0.030470914,-0.003776546,-0.008077296,0.008842137,,,478,266,384,5505.333333,3782.333333,-9,31,18,-73.33333333,-238.3333333
199139,University of North Carolina at Charlotte,"Public, 4-year or above",Mixed Undergraduate/Graduate-Doctorate Large,No,No,2.112203787,151,9,0.002511102,-0.004099431,-0.002511102,0.001588329,,-0.00419663,-0.004893342,0.006578871,0.001685529,0.07266925,766,384,577,23831,3944,34,34,44,2521,511
218539,Presbyterian College,"Private not-for-profit, 4-year or above",Mixed Undergraduate/Graduate-Doctorate Small,No,No,2.11228145,152,6,0.012434847,-0.014811438,-0.012434847,,,-0.012909812,,0.005267163,,-0.116486688,73,20,63,899,206.3333333,-16,11,-5,-119.3333333,-77.33333333
127741,University of Northern Colorado,"Public, 4-year or above",Mixed Undergraduate/Graduate-Doctorate Medium,No,No,2.114235786,153,7,0.005473454,-0.010599166,-0.005473454,,-0.197938144,-0.008781344,,0.004154856,,-0.483325146,299,90,227,5623.333333,1276,-93,-3,-58,-3279,-420.6666667
166452,Lesley University,"Private not-for-profit, 4-year or above",Mixed Undergraduate/Graduate-Doctorate Medium,No,No,2.185806378,154,2,,,,,-0.430463576,,,,,-0.430262323,0,86,0,818.6666667,611.6666667,0,-65,0,-864.6666667,-848.6666667
243221,University of Puerto Rico-Rio Piedras,"Public, 4-year or above",Mixed Undergraduate/Graduate-Doctorate Medium,No,No,2.197261411,155,10,0.012107424,0.005399357,-0.012107424,-0.017506781,-0.227979275,0.003022206,-0.007662066,-0.007467564,-0.01512963,-0.263908536,486,259,406,8007.666667,2287,-234,14,-220,-4521,-649.6666667
132903,University of Central Florida,"Public, 4-year or above",Mixed Undergraduate/Graduate-Doctorate Large,Yes,No,2.203101954,156,10,0.005554054,-0.009152777,-0.005554054,0.003598723,0.19566787,-0.008346344,-0.002493874,0.005286164,0.002792291,-0.185709642,966,690,720,49184.33333,7126,102,169,133,4938,1698.333333
153603,Iowa State University,"Public, 4-year or above",Mixed Undergraduate/Graduate-Doctorate Large,Yes,No,2.225015954,157,8,0.009644763,-0.012863733,-0.009644763,0.00321897,-0.096794872,-0.012583749,,,0.002938986,-0.130730607,1037,372,824,25674.66667,3960,-235,84,-82,-3797,-218.3333333
168740,Andrews University,"Private not-for-profit, 4-year or above",Mixed Undergraduate/Graduate-Doctorate Medium,No,No,2.227308218,158,4,,,,,-0.203539823,-0.00728489,0.005445812,,0.006881514,,164,16,120,1216.333333,1101.666667,-41,-5,-15,-255.3333333,-13
236595,Seattle University,"Private not-for-profit, 4-year or above",Mixed Undergraduate/Graduate-Doctorate Medium,No,No,2.233345533,159,8,0.009361886,,-0.009361886,-0.008579402,0.080708661,,-0.015752075,0.006884818,-0.008867256,-0.157138725,290,259,226,4248.333333,2006.333333,-28,69,-22,-279.3333333,114.3333333
226091,Lamar University,"Public, 4-year or above",Mixed Undergraduate/Graduate-Doctorate Large,No,No,2.266012512,160,5,,,,0.005460525,-0.170833333,,,0.001924923,0.004927615,0.36395216,290,108,186,7130.333333,6671,-32,-50,-28,-79.66666667,4198.666667
122931,Santa Clara University,"Private not-for-profit, 4-year or above",Mixed Undergraduate/Graduate-Doctorate Medium,No,No,2.319459646,161,10,0.011971231,0.006847955,-0.011971231,-0.018819186,0.295955882,0.006299184,-0.008690341,-0.009580074,-0.018270415,-0.073809857,446,259,291,6607.666667,2236.666667,54,107,-11,1226.333333,20.66666667
110097,Biola University,"Private not-for-profit, 4-year or above",Mixed Undergraduate/Graduate-Doctorate Medium,No,No,2.328680015,162,3,,,,,-0.153558052,-0.011738257,,0.00890265,,,171,55,160,3381.666667,1282,-50,9,-22,-613.3333333,8.666666667
231651,Regent University,"Private not-for-profit, 4-year or above",Mixed Undergraduate/Graduate-Doctorate Medium,No,No,2.402724,163,7,,0.0072617,,-0.005489566,,0.009013421,0.004835226,-0.012076513,-0.007241287,0.575409148,124,27,74,3467.666667,3344.333333,-2,2,-12,879.6666667,954
193900,New York University,"Private not-for-profit, 4-year or above",Mixed Undergraduate/Graduate-Doctorate Large,Yes,No,2.468439713,164,6,-0.008292358,0.004156361,0.008292358,,,0.003667377,,0.003966317,,0.17755716,1983,2650,1539,28679,23772.66667,104,-897,-5,3375.333333,4643.666667
149231,Southern Illinois University-Edwardsville,"Public, 4-year or above",Mixed Undergraduate/Graduate-Doctorate Medium,Yes,No,2.510472416,165,9,0.010071915,-0.005881056,-0.010071915,-0.004190859,,-0.006583074,-0.013454484,0.009965642,-0.003488841,-0.457035692,387,217,313,8629,1910.666667,-46,56,-8,-1883,284
209551,University of Oregon,"Public, 4-year or above",Mixed Undergraduate/Graduate-Doctorate Large,No,No,2.517837771,166,4,,,,0.008760329,,,,0.005517419,0.007692386,0.32571071,773,332,594,19978.66667,3348.333333,35,-64,44,1075.666667,143.3333333
199120,University of North Carolina at Chapel Hill,"Public, 4-year or above",Mixed Undergraduate/Graduate-Doctorate Large,Yes,No,2.52748719,167,9,0.020625857,-0.004083752,-0.020625857,-0.016542105,0.579680248,-0.003760448,-0.009630355,-0.007235054,-0.016865408,,1321,1742,988,21346.33333,10719.33333,-25,1149,-51,3259.666667,2260.666667
190567,CUNY City College,"Public, 4-year or above",Mixed Undergraduate/Graduate-Doctorate Medium,Yes,No,2.53101319,168,9,0.005245102,-0.010277044,-0.005245102,0.005031942,-0.158081705,-0.009232446,,0.002716122,0.003987344,0.430284019,427,47,358,12069.66667,1787.333333,-103,14,-48,919.3333333,568.3333333
160755,Tulane University of Louisiana,"Private not-for-profit, 4-year or above",Mixed Undergraduate/Graduate-Doctorate Medium,Yes,Yes,2.537580014,169,10,0.020382833,-0.006296329,-0.020382833,-0.014086504,0.645194274,-0.007364587,-0.00427262,-0.008745627,-0.013018246,-0.254168226,673,936,514,7247.333333,4027.666667,63,568,69,281.3333333,-64
162928,Johns Hopkins University,"Private not-for-profit, 4-year or above",Mixed Undergraduate/Graduate-Doctorate Large,Yes,No,2.549753704,170,8,-0.004679961,,0.004679961,0.003525886,0.106284153,,0.004067685,0.001273688,0.005341373,-0.011934402,3390,659,2110,5904,15873,467,-78,410,142.6666667,4353.333333
236577,Seattle Pacific University,"Private not-for-profit, 4-year or above",Mixed Undergraduate/Graduate-Doctorate Small,No,No,2.595600618,171,2,,,,,-0.488262911,,,0.00368354,,,86,23,73,1612.333333,265.3333333,-82,-22,-49,-1418,-311.3333333
191241,Fordham University,"Private not-for-profit, 4-year or above",Mixed Undergraduate/Graduate-Doctorate Medium,No,No,2.598893033,172,8,,-0.002867331,,0.003680848,-0.104377104,-0.005216851,-0.001842527,0.007872894,0.006030368,0.414126973,526,6,431,10074.33333,4350,-52,-10,-14,1146.333333,-505.3333333
235316,Gonzaga University,"Private not-for-profit, 4-year or above",Mixed Undergraduate/Graduate-Doctorate Medium,No,No,2.61135355,173,6,,,,0.006077318,0.020316027,-0.005976425,,0.008321264,0.007345957,-0.056299702,339,113,265,4926.666667,1809.333333,13,-4,31,-187.6666667,631.3333333
104151,Arizona State University Campus Immersion,"Public, 4-year or above",Mixed Undergraduate/Graduate-Doctorate Large,No,No,2.653404076,174,10,0.016185343,-0.004251546,-0.016185343,-0.011933798,0.757341577,-0.00472848,-0.002093482,-0.00936338,-0.011456863,-0.262049643,1869,1542,1387,61454.66667,11880,563,907,426,21331.66667,4062.666667
199847,Wake Forest University,"Private not-for-profit, 4-year or above",Mixed Undergraduate/Graduate-Doctorate Medium,Yes,No,2.6593158,175,10,0.017250746,-0.002902622,-0.017250746,-0.014348124,0.721649485,-0.002675916,-0.004723233,-0.009851597,-0.01457483,-0.127315181,731,2442,547,5566.333333,3153.333333,66,1264,17,648,397
230038,Brigham Young University,"Private not-for-profit, 4-year or above",Mixed Undergraduate/Graduate-Doctorate Large,No,No,2.749515431,176,8,-0.000733558,-0.003869393,0.000733558,0.004602952,0.044550517,-0.006097123,,0.008112298,0.006830681,,1262,51,993,32644,2273.666667,70,-14,120,3643,-162
184694,Fairleigh Dickinson University-Florham Campus,"Private not-for-profit, 4-year or above",Mixed Undergraduate/Graduate-Doctorate Medium,No,Not applicable,2.757361524,177,9,0.005087196,-0.010042527,-0.005087196,0.004955331,-0.121794872,-0.012086847,0.005665125,,0.006999652,-0.416547046,93,44,81,1988.333333,677,-25,6,-3,-449.3333333,21.66666667
184782,Rowan University,"Public, 4-year or above",Mixed Undergraduate/Graduate-Doctorate Large,Yes,No,2.758553469,178,8,0.013427894,-0.012949552,-0.013427894,,0.627599244,-0.01110546,0.004866085,-0.007188518,,-0.750113978,490,371,368,15823.66667,3653,104,228,104,2554.666667,1659.333333
184348,Drew University,"Private not-for-profit, 4-year or above",Mixed Undergraduate/Graduate-Doctorate Small,No,No,2.773842162,179,7,,0.009697551,,-0.011477995,-0.173333333,0.009443732,-0.01612621,,-0.011224176,0.22330782,93,31,77,1661.333333,333.3333333,-26,0,-30,170.3333333,-49.33333333
224147,Texas A & M University-Corpus Christi,"Public, 4-year or above",Mixed Undergraduate/Graduate-Doctorate Medium,No,No,2.817364222,180,7,,-0.00778232,,0.009596175,-0.030162413,-0.005612815,,0.007140895,0.007426669,-0.476708108,282,136,199,7519.666667,1290.666667,-4,-9,18,-1301,68
174914,University of St Thomas,"Private not-for-profit, 4-year or above",Mixed Undergraduate/Graduate-Doctorate Medium,No,No,2.875247133,181,8,0.003560854,-0.005081082,-0.003560854,,-0.049886621,-0.005935183,-0.011071868,0.013446197,,0.168669614,342,77,278,6627.666667,1734.666667,-40,18,-16,754.3333333,-379.3333333
147703,Northern Illinois University,"Public, 4-year or above",Mixed Undergraduate/Graduate-Doctorate Medium,No,No,2.878570691,182,6,,-0.005051723,,0.006975836,-0.155609168,-0.004955749,,0.008985223,0.006879862,,539,161,447,11170.66667,2500.666667,-74,-55,-21,-1751,-660
130794,Yale University,"Private not-for-profit, 4-year or above",Mixed Undergraduate/Graduate-Doctorate Medium,Yes,No,2.883475088,183,8,-0.005900552,,0.005900552,0.00568439,0.081216458,,0.003637316,0.003527283,0.007164598,0.037633979,2397,625,1649,6644.333333,8754.666667,334,-107,309,1174.333333,1842
234207,Washington and Lee University,"Private not-for-profit, 4-year or above",Mixed Undergraduate/Graduate-Doctorate Small,No,No,2.903679544,184,10,0.010701888,0.008500395,-0.010701888,-0.019202284,0.155737705,0.01128133,-0.011209846,-0.010773373,-0.021983219,-0.08857436,220,62,147,1915.333333,,15,23,-20,89.33333333,0
179894,Webster University,"Private not-for-profit, 4-year or above",Mixed Undergraduate/Graduate-Doctorate Medium,No,No,2.917248279,185,10,0.016216834,0.007879208,-0.016216834,-0.024096042,-0.170731707,0.00395836,-0.011488969,-0.008686225,-0.020175194,-0.168593388,140,30,106,1916,2612,-53,18,-52,-660.6666667,-2510.666667
197708,Yeshiva University,"Private not-for-profit, 4-year or above",Mixed Undergraduate/Graduate-Doctorate Medium,No,No,2.968900277,186,8,0.00999417,-0.016787658,-0.00999417,,-0.519675926,-0.004389261,,-0.004879238,-0.005604909,0.536577245,162,253,136,2921.333333,3804.666667,-280,-169,-229,264.6666667,1012
157289,University of Louisville,"Public, 4-year or above",Mixed Undergraduate/Graduate-Doctorate Large,Yes,Yes,2.972822332,187,10,0.024428956,-0.009087947,-0.024428956,-0.015341008,-0.331877729,-0.00851334,-0.005301538,-0.010614078,-0.015915615,0.556159634,496,728,406,14960,4712.333333,-552,-56,-360,1395.333333,70.33333333
166513,University of Massachusetts-Lowell,"Public, 4-year or above",Mixed Undergraduate/Graduate-Doctorate Large,No,No,2.980914437,188,7,,-0.00920467,,0.010003478,,-0.008924041,0.006635662,0.003087187,0.009722849,-0.226146039,419,161,339,10517.66667,2517.333333,-8,12,38,-707.3333333,250.6666667
138354,University of West Florida,"Public, 4-year or above",Mixed Undergraduate/Graduate-Doctorate Medium,No,No,3.004721541,189,6,,-0.010843909,,0.008737269,,-0.011454714,0.003840193,0.005507882,0.009348074,,225,148,166,8385,2229,1,24,28,257,927.6666667
215442,Point Park University,"Private not-for-profit, 4-year or above",Mixed Undergraduate/Graduate-Doctorate Medium,No,No,3.018372134,190,7,,-0.007961542,,0.008370076,-0.065693431,-0.006524499,,0.010111193,0.006933033,-0.367824396,117,11,90,2302.666667,511.3333333,-7,-2,-3,-596,83.66666667
195030,University of Rochester,"Private not-for-profit, 4-year or above",Mixed Undergraduate/Graduate-Doctorate Medium,Yes,Yes,3.04811719,191,9,-0.007685955,0.015172068,0.007685955,-0.007486113,0.352079395,0.005925465,0.004560213,-0.002799723,,-0.093427922,1838,1023,1146,5787.333333,4010.333333,661,84,351,-454.6666667,120
186432,Saint Peter's University,"Private not-for-profit, 4-year or above",Mixed Undergraduate/Graduate-Doctorate Small,No,No,3.171464368,192,7,,-0.009138577,,0.007135603,-0.120689655,-0.010345878,0.011789746,-0.003446842,0.008342904,,85,17,65,2288.333333,653.3333333,-13,-1,0,-192.3333333,152
209807,Portland State University,"Public, 4-year or above",Mixed Undergraduate/Graduate-Doctorate Large,No,No,3.187305366,193,7,,-0.008458516,,0.008965593,-0.250891795,-0.007618418,,0.007982294,0.008125495,-0.30173705,448,182,370,11690.66667,2602.666667,-142,-69,-57,-4803.666667,-1033.333333
110671,University of California-Riverside,"Public, 4-year or above",Mixed Undergraduate/Graduate-Doctorate Large,Yes,Yes,3.213301799,194,9,-0.002924111,-0.006760306,0.002924111,0.009684417,0.174331551,-0.006760306,0.009263622,,0.009684417,0.196164077,907,191,683,23644,3434.333333,169,-6,166,4015,635
232609,University of Lynchburg,"Private not-for-profit, 4-year or above",Mixed Undergraduate/Graduate-Doctorate Small,No,No,3.304072977,195,6,,-0.006979213,,0.005458346,-0.359375,-0.010146126,,0.008020074,0.008625259,,89,34,74,1396,797.6666667,-53,-16,-26,-589,378
207458,Oklahoma City University,"Private not-for-profit, 4-year or above",Mixed Undergraduate/Graduate-Doctorate Small,No,No,3.304332778,196,10,0.016782094,0.00519347,-0.016782094,-0.021975564,-0.051813472,0.008953665,-0.014504276,-0.011231483,-0.025735759,-0.080422477,87,96,62,1496,1142.666667,-28,18,-38,-183,231.6666667
209612,Pacific University,"Private not-for-profit, 4-year or above",Mixed Undergraduate/Graduate-Doctorate Medium,No,No,3.370038711,197,7,-0.005651168,,0.005651168,0.002762733,-0.162629758,,-0.01048792,0.012620537,,-0.059897272,170,72,118,1431,1652.666667,-21,-26,-12,-450.3333333,-211.6666667
206604,Wright State University-Main Campus,"Public, 4-year or above",Mixed Undergraduate/Graduate-Doctorate Medium,Yes,No,3.399923995,198,6,0.007511737,,-0.007511737,,-0.520091848,-0.009386872,-0.008873478,0.010748613,,,226,192,211,6691.666667,1737.333333,-254,-199,-159,-3926.333333,-668.3333333
210401,Willamette University,"Private not-for-profit, 4-year or above",Mixed Undergraduate/Graduate-Doctorate Small,No,No,3.407995546,199,3,,,,,-0.235023041,,-0.017356788,0.013937378,,,130,36,109,1760.333333,486,-39,-12,-31,-145.3333333,-62.33333333
168254,Western New England University,"Private not-for-profit, 4-year or above",Mixed Undergraduate/Graduate-Doctorate Small,No,No,3.45288378,200,6,-0.009009051,,0.009009051,0.006417535,,,0.00425967,0.006563162,0.010822832,,180,37,140,2649.666667,817,1,-21,13,21.66666667,143
200332,North Dakota State University-Main Campus,"Public, 4-year or above",Mixed Undergraduate/Graduate-Doctorate Medium,No,No,3.460294061,201,7,,-0.01020347,,0.009012463,-0.21754386,-0.009170138,-0.003372482,0.011351613,0.007979131,,309,137,246,9031,1319.666667,-98,-26,-30,-2092.333333,-154.3333333
224554,Texas A & M University-Commerce,"Public, 4-year or above",Mixed Undergraduate/Graduate-Doctorate Medium,No,No,3.551489461,202,5,,-0.012669498,,0.011335291,,-0.013412617,,0.009948619,0.012078411,,233,120,179,7776,1579.333333,-25,26,39,993.3333333,-1184.666667
139366,Columbus State University,"Public, 4-year or above",Mixed Undergraduate/Graduate-Doctorate Medium,No,No,3.64562706,203,7,,-0.013702107,,0.012199097,-0.06514658,-0.012859178,,0.009878318,0.011356168,-0.169069748,210,77,165,4644,1007.333333,-23,3,10,-841.6666667,68.66666667
196060,University at Albany,"Public, 4-year or above",Mixed Undergraduate/Graduate-Doctorate Medium,No,No,3.655180945,204,8,0.00885899,-0.018452332,-0.00885899,0.009593341,,-0.018247159,0.009680024,,0.009388169,-0.196955872,529,169,428,12403,3106.333333,-28,62,54,-257.3333333,295.6666667
235097,Eastern Washington University,"Public, 4-year or above",Mixed Undergraduate/Graduate-Doctorate Medium,No,No,3.781077572,205,9,0.007859143,-0.016286325,-0.007859143,0.008427182,-0.170212766,-0.01665748,,0.009109837,0.008798337,-0.818089668,246,144,208,6551.333333,2451.333333,-84,4,-22,-3875.666667,1592
211088,Arcadia University,"Private not-for-profit, 4-year or above",Mixed Undergraduate/Graduate-Doctorate Small,No,No,3.785683252,206,7,,-0.012579421,,0.010594457,-0.135294118,-0.015163033,0.008583455,0.004594614,0.013178069,,89,58,74,2027.666667,871,-23,0,1,-307.3333333,105
228705,Texas A & M University-Kingsville,"Public, 4-year or above",Mixed Undergraduate/Graduate-Doctorate Medium,No,No,3.811352847,207,6,,-0.016806898,,0.011619003,-0.163316583,-0.016030868,0.009924245,,0.010842973,,238,95,173,4624.333333,849.6666667,-53,-12,1,-1062,-1062.666667
110413,California Lutheran University,"Private not-for-profit, 4-year or above",Mixed Undergraduate/Graduate-Doctorate Medium,No,No,3.971998007,208,7,,-0.008299401,,0.010505208,-0.212121212,-0.009526071,,0.014982351,0.011731878,-0.209241812,122,34,96,2126,832,-20,-22,-4,-683.3333333,-254
182290,University of Nevada-Reno,"Public, 4-year or above",Mixed Undergraduate/Graduate-Doctorate Large,Yes,No,3.976192434,209,8,0.005540397,-0.018163296,-0.005540397,0.012622898,,-0.017518553,0.009877048,0.002101107,0.011978155,,612,304,474,16104,2453.666667,-1,10,85,-231.6666667,450.3333333
225414,University of Houston-Clear Lake,"Public, 4-year or above",Mixed Undergraduate/Graduate-Doctorate Medium,No,No,4.014392531,210,9,-0.001747527,-0.012240104,0.001747527,0.013987631,-0.130872483,-0.010683199,,0.010459201,0.012430726,0.322806026,221,38,158,4268,1108.333333,-24,-15,7,616,-1056.666667
160621,Southern University and A & M College,"Public, 4-year or above",Mixed Undergraduate/Graduate-Doctorate Medium,No,No,4.067890511,211,5,0.032757792,,-0.032757792,-0.030078877,0.206008584,,,-0.022154209,,,157,124,108,6552.333333,1131.666667,-37,85,-31,2007.666667,487.3333333
216931,Wilkes University,"Private not-for-profit, 4-year or above",Mixed Undergraduate/Graduate-Doctorate Medium,No,No,4.144607974,212,7,,-0.013041168,,0.014395608,-0.098901099,-0.014455433,0.013379289,,0.015809873,-0.124467103,140,24,108,1943,1482.666667,-14,-4,7,-446,123
130493,Southern Connecticut State University,"Public, 4-year or above",Mixed Undergraduate/Graduate-Doctorate Medium,No,No,4.347068089,213,8,,-0.017063692,,0.015347764,-0.040189125,-0.016944904,0.006337111,0.008891865,0.015228976,-0.30369721,372,34,334,6547.333333,1424.333333,-25,8,41,-660.3333333,43.33333333
204635,Ohio Northern University,"Private not-for-profit, 4-year or above",Mixed Undergraduate/Graduate-Doctorate Small,No,No,4.859058936,214,7,,-0.017220557,,0.014420835,-0.11682243,-0.018641702,,0.016476415,0.015841981,0.434905356,164,25,132,2581.333333,404.3333333,-24,-1,11,446.6666667,-422.3333333
131450,Gallaudet University,"Private not-for-profit, 4-year or above",Mixed Undergraduate/Graduate-Doctorate Small,No,No,4.967970075,215,9,0.039641327,-0.015058644,-0.039641327,-0.024582683,0.19760479,,-0.012579999,-0.019007571,-0.03158757,-0.337738478,123,77,103,786.3333333,356,-28,61,-20,-308.6666667,9.666666667
102368,Troy University,"Public, 4-year or above",Mixed Undergraduate/Graduate-Doctorate Medium,No,No,5.450048276,216,7,-0.0242065,0.026417356,0.0242065,,,,0.007726818,0.005790752,0.01351757,-0.780121925,291,152,188,8060,2004,134,-96,74,-2888,-89.66666667
483124,Arizona State University Digital Immersion,"Public, 4-year or above",Mixed Undergraduate/Graduate-Doctorate Large,No,Not applicable,5.906434067,217,9,-0.004993608,0.001937163,0.004993608,0.003056445,1.547332186,0.001949184,,0.002440149,0.003044424,0.300157985,552,928,416,35919,11510.66667,369,530,277,23100.33333,8578
229160,Texas Wesleyan University,"Private not-for-profit, 4-year or above",Mixed Undergraduate/Graduate-Doctorate Small,No,No,6.087335197,218,7,,-0.017734013,,0.024268625,-0.318518519,-0.015956953,0.02226694,,0.022491565,1.082222188,78,14,68,1788.666667,579,-34,-9,-13,229.6666667,63.66666667
139658,Emory University,"Private not-for-profit, 4-year or above",Mixed Undergraduate/Graduate-Doctorate Medium,Yes,Yes,6.18536959,219,10,-0.02678741,0.008415059,0.02678741,0.01837235,-0.244494382,0.007979203,0.008286909,0.010521297,0.018808206,0.188404956,1081,600,808,7268.666667,7082,79,-623,30,505.6666667,836
231174,University of Vermont,"Public, 4-year or above",Mixed Undergraduate/Graduate-Doctorate Medium,Yes,No,6.495624063,220,10,-0.026492493,0.005700699,0.026492493,0.020791793,-0.298469388,0.006071757,0.006520962,0.013899773,0.020420736,0.816392093,528,297,418,11635.66667,1918.666667,-37,-314,-36,1127.333333,326.6666667
144005,Chicago State University,"Public, 4-year or above",Mixed Undergraduate/Graduate-Doctorate Small,No,No,6.699207638,221,7,-0.033358499,0.018093623,0.033358499,0.015264876,-0.208333333,0.027606007,,0.006526172,,,121,31,79,1382.333333,480,32,-72,-5,-377.6666667,-444.6666667
232557,Liberty University,"Private not-for-profit, 4-year or above",Mixed Undergraduate/Graduate-Doctorate Large,Yes,No,6.967864778,222,6,-0.000798281,0.000412143,0.000798281,,-0.598519362,0.000529144,,,,5.040911142,12,693,9,42180.33333,34736.66667,-5,-1046,-7,8422.333333,18872.66667
137032,Saint Leo University,"Private not-for-profit, 4-year or above",Mixed Undergraduate/Graduate-Doctorate Medium,No,No,7.142487681,223,8,,-0.022908342,,0.031849736,-0.572222222,-0.013299733,0.010519288,0.011721839,0.022241127,2.401036865,54,23,43,5022.333333,1146.333333,-57,-46,-33,-3755.333333,-2420.333333
210438,University of Western States,"Private not-for-profit, 4-year or above",Mixed Undergraduate/Graduate-Doctorate Small,No,No,7.788009616,224,10,0.011413511,-0.03770139,-0.011413511,0.02628788,-0.102564103,-0.03882281,0.019661831,0.007747469,0.0274093,-0.059717855,26,9,19,0,529.6666667,-5,1,8,-18.66666667,-287.6666667
163204,University of Maryland Global Campus,"Public, 4-year or above",Mixed Undergraduate/Graduate-Doctorate Large,No,No,8.983410468,225,2,,,,,-0.21,,,,,7.184728726,0,158,0,27319.33333,5052,0,-42,0,6226.333333,549.3333333
211556,Chatham University,"Private not-for-profit, 4-year or above",Mixed Undergraduate/Graduate-Doctorate Small,No,No,21.38573555,226,10,-0.128901833,0.06846434,0.128901833,0.060437493,0.135135135,0.06412906,0.048952643,0.015820129,0.064772772,0.161697267,124,2,68,1206,584.3333333,115,-100,59,375.3333333,-305
177986,Logan University,"Private not-for-profit, 4-year or above",Mixed Undergraduate/Graduate-Doctorate Small,No,No,,,1,,,,,,,,,,0.167591495,0,48,0,144.3333333,898,0,-1,0,66.66666667,63.66666667
178420,University of Missouri-St Louis,"Public, 4-year or above",Mixed Undergraduate/Graduate-Doctorate Medium,No,No,,,1,,,,,-0.20657277,,,,,,195,143,153,7102.666667,1316.666667,-63,-25,-51,-1152.666667,-415.6666667
180461,Montana State University,"Public, 4-year or above",Mixed Undergraduate/Graduate-Doctorate Medium,No,No,,,1,,,,,,,-0.0029925,,,,506,113,344,13794,1067.666667,24,8,12,848.6666667,17.33333333
209056,Lewis & Clark College,"Private not-for-profit, 4-year or above",Mixed Undergraduate/Graduate-Doctorate Small,No,No,,,1,,,,,,-0.00382997,,,,,157,77,133,1967.666667,1136,-4,18,6,-145,98.33333333
262086,University of Massachusetts Global,"Public, 4-year or above",Mixed Undergraduate/Graduate-Doctorate Medium,No,No,,,1,,,,,,,,,,2.02597845,0,73,0,3350.333333,3296,0,-3,0,1409.666667,1038.333333
489937,Carolina University,"Private not-for-profit, 4-year or above",Mixed Undergraduate/Graduate-Doctorate Small,No,No,,,1,,,,,0.625,,,,,,0,26,0,475.3333333,257,0,10,0,259.6666667,70.33333333
131520,Howard University,"Private not-for-profit, 4-year or above",Mixed Undergraduate/Graduate-Doctorate Medium,Yes,Yes,,,1,,,,,,,,,,0.562560507,647,379,503,10052.66667,2990,78,-215,65,4369.666667,245
230764,University of Utah,"Public, 4-year or above",Mixed Undergraduate/Graduate-Doctorate Large,Yes,Yes,,,1,,,,,0.449027696,,,,,,1679,780,1230,26451,7541.333333,585,177,404,7056.666667,723
241395,Pontifical Catholic University of Puerto Rico-Arecibo,"Private not-for-profit, 4-year or above",Mixed Undergraduate/Graduate-Doctorate Small,No,Not applicable,,,1,,,,,,,,,,-1.588318025,0,23,0,247,291.6666667,0,-1,0,-330,-47.66666667
