name,ipeds_id,top_public_rank_nat_univ,UGFR_Cohort,Bachelor_Degrees,Masters_Degrees,Doctorate_Degrees,UGFR_Perc_In_State,UGFR_Perc_Out_of_State,UGFR_Perc_International,total_enrollment,total_faculty,student_faculty_ratio,Degree_of_urbanization,Medical_Degrees,firstyr_retention_rate,grad_rate_6yr_cohort,grad_rate_6yr_pell,pell_pct_cohort,acceptance_rate,Number_of_applicants,inst_acceptance_rate,oos_acceptance_rate,pct_firstyr_top10_hs,net_cost,inst_tuition_fees,avg_discount_sticker,oos_tuition_fees,median_fed_loan_debt,pct_grads_gt_hs_earnings,avg_faculty_salary,edu_exp_per_student,total_rd_expenditures
"University of California, Berkeley",110635,1,6232,9339,3929,1171,84,9,7,46403,3133,18.28,City: Midsize,No,97,93,87,23,11,128226,15,7,,66625,17721,20,55323,13000,89,195408,57620,1126782
"University of California, Los Angeles",110662,2,6603,9615,3807,1376,79,12,9,48656,2623,19.78,City: Large,Yes,97,93,89,30,9,149815,10,9,,46450,14824,33,48674,14000,86,205648,126832,1896227
University of Michigan--Ann Arbor,170976,3,7252,8780,5470,1683,52,43,4,52855,3891,15.16,City: Midsize,Yes,97,93,89,17,16,84289,,,,47476,19497,42,66203,19500,90,146274,68120,2110961
University of Virginia,234076,4,3961,4564,2404,845,66,29,5,26470,1722,14.17,Suburb: Midsize,Yes,98,96,92,13,17,50941,26,14,84,29304,23897,64,62923,17500,91,157908,57224,813772
University of North Carolina--Chapel Hill,199120,4,4632,5629,2618,1239,84,11,5,32680,2587,14.43,City: Small,Yes,97,91,89,22,15,57221,38,7,77,21452,9096,64,45228,14000,88,138794,70104,1598751
University of California San Diego,110680,6,7317,9717,2581,924,78,9,13,44256,1771,18.96,City: Large,Yes,94,86,82,34,27,131254,26,33,100,61742,17256,20,54858,15500,89,174082,80387,1881289
University of Florida,134130,7,7475,9413,5112,1858,73,19,7,56311,3587,16.37,City: Midsize,Yes,98,91,87,24,24,64473,24,23,84,32050,6381,30,30886,15000,89,129984,64960,1272493
The University of Texas--Austin,228778,7,9075,10426,3672,1348,87,8,4,53864,3261,18.31,City: Large,Yes,97,89,84,23,27,59767,38,10,,57218,11687,13,44908,20500,90,145739,61101,1143917
"University of California, Davis",110644,9,6615,8891,1143,1096,78,5,16,40065,2083,21.58,Suburb: Small,Yes,93,86,81,32,42,94754,37,57,,50866,16474,29,50324,13000,87,171538,66742,1005757
Georgia Institute of Technology,139755,9,3828,4779,7563,617,61,30,9,53363,1443,20.55,City: Large,No,98,94,86,10,14,50610,33,10,87,37002,12008,32,35092,21672,95,145726,42811,1528637
"University of California, Irvine",110653,9,6717,8092,1991,873,74,7,19,37296,1743,19.34,City: Large,Yes,94,87,84,34,29,119199,22,50,,57598,15343,18,49193,15000,86,174544,54964,644948
University of Wisconsin--Madison,240444,12,8491,9232,2939,1598,45,46,9,52097,3271,17.94,City: Large,Yes,96,90,86,13,45,60260,,,54,25854,12166,57,44191,20484,91,136840,62726,1933229
University of Illinois Urbana-Champaign,145637,12,9004,9050,6682,1279,71,14,14,59238,2997,20.25,City: Small,Yes,95,85,77,25,42,63257,54,36,56,42086,18046,23,38398,19500,91,143162,35191,906751
"University of California, Santa Barbara",110705,14,4988,6380,561,370,82,9,9,26133,1242,16.89,Suburb: Midsize,No,93,83,80,33,33,111006,32,38,,57004,16035,21,49885,13993,85,195415,35886,303446
The Ohio State University,204796,15,9562,11166,2978,1743,64,28,9,61443,4083,13.82,City: Large,Yes,94,88,80,17,61,65189,57,59,64,47580,13641,19,42423,19976,88,139922,46123,1581570
Rutgers University--New Brunswick,186380,16,8187,8623,3027,1374,75,13,10,52269,3874,15.83,City: Small,Yes,93,84,80,28,41,41654,51,66,34,48123,18827,18,39652,21500,88,144992,50231,836800
University of Washington,236948,16,7121,8403,4845,1451,64,24,12,57067,2721,20.26,City: Large,Yes,95,85,80,20,39,52488,48,36,,51366,13406,22,44640,14615,88,141081,78713,1691302
"University of Maryland, College Park",163286,16,5795,8125,2969,677,70,28,2,41725,2657,17.48,Suburb: Large,Yes,96,89,84,13,45,56637,51,43,73,47371,11809,22,41186,19000,91,156863,48088,54036
"University of Maryland, College Park",163286,16,5795,8125,2969,677,70,28,2,41725,2657,17.48,Suburb: Large,Yes,96,89,84,13,45,56637,51,43,73,47371,11809,22,41186,19000,91,156863,48088,1539520
Purdue University--Main Campus,243780,19,11339,9961,3135,1061,41,47,9,58658,3223,14.58,City: Small,Yes,93,83,72,16,50,68309,74,51,47,29212,9992,31,28794,19500,92,129904,38621,931513
University of Georgia,139959,19,6149,8262,2584,1002,81,19,0,43146,2843,17.22,City: Midsize,Yes,94,90,85,17,38,39354,47,31,,36210,11492,26,32336,18500,88,120943,34159,628117
Florida State University,134097,21,5759,9654,3273,774,80,19,1,43889,2029,16.88,City: Midsize,Yes,96,86,83,27,24,78088,32,17,76,31888,6517,23,21683,18000,86,120784,28993,460733
William & Mary,231624,21,1613,1899,856,277,59,37,2,9818,975,12.57,Suburb: Small,No,95,89,85,10,34,18087,,,74,51825,26456,26,52154,18500,87,120104,38007,94609
Virginia Tech,233921,21,7281,7213,2090,712,61,34,5,38857,2454,16.74,City: Small,Yes,93,86,79,15,55,45321,,,,53494,16450,10,38310,21500,92,131010,35442,656916
Texas A&M University,228723,21,10928,14024,4475,1516,94,5,1,78321,3632,21.37,City: Midsize,Yes,94,84,75,23,57,43423,59,49,67,36603,12928,39,40157,17804,90,131235,45476,1393825
"University of California, Merced",445188,25,2073,1682,110,130,98,1,2,9110,462,19.72,Suburb: Midsize,No,82,69,69,64,90,29921,93,85,,58093,15244,20,49094,16144,85,133756,43129,77233
University of Minnesota--Twin Cities,174066,26,7343,7403,2777,1721,65,27,7,56666,3661,16.67,City: Large,Yes,91,85,77,17,80,38050,75,84,36,42944,18482,23,41368,19500,88,125617,61596,1409710
Stony Brook University--SUNY,196097,26,4040,4688,2195,618,78,9,13,26689,1698,19.41,Suburb: Large,Yes,90,76,77,36,49,40513,42,62,48,43785,10931,21,34911,18228,89,138719,40836,319258
The Pennsylvania State University--University Park,214777,26,9142,10488,1611,1164,53,40,7,49471,3334,15.62,City: Small,Yes,93,86,81,13,61,85784,63,59,37,53984,21098,14,43490,25000,90,123110,64389,1302971
Michigan State University,171100,29,9622,9080,2036,1420,77,19,5,52089,3067,16.92,City: Small,Yes,90,81,71,22,85,53341,84,84,23,57662,19742,9,46094,23250,90,131329,45420,931848
North Carolina State University,199193,29,5817,6352,2746,699,86,12,1,38464,2285,15.34,City: Large,Yes,94,85,80,18,42,35413,50,36,40,34872,9028,32,33993,20121,90,118839,40613,717004
University of Massachusetts--Amherst,166629,29,5375,6007,2450,375,69,22,8,31726,1821,17.41,City: Small,No,92,83,74,20,60,45451,60,61,30,42431,18487,28,41759,22763,89,132294,35380,281730
University of Connecticut,129020,32,4471,5293,1791,769,53,42,5,28306,1615,16.8,Town: Fringe,Yes,92,83,77,20,52,40894,43,54,47,43070,21336,32,44004,21500,90,134209,51239,433545
University of Pittsburgh,215293,32,4590,5321,1918,1286,64,33,3,29927,2485,12.91,City: Large,Yes,92,85,77,13,58,53072,,,41,58660,22736,,43432,24250,90,113515,72376,1504665
Indiana University--Bloomington,151351,34,9590,8264,2812,711,55,41,4,48424,2726,17.5,City: Small,No,91,80,70,20,78,50080,75,81,29,48848,12144,19,42295,19509,89,120105,29730,896983
Binghamton University--SUNY,196079,34,3243,3816,1296,240,82,14,4,18815,1195,16.97,Suburb: Midsize,No,90,82,75,27,39,41642,31,79,52,39431,10567,23,30447,18500,90,108874,27143,160644
Clemson University,217882,36,4871,6002,1778,318,56,43,1,29077,1988,15.98,Suburb: Midsize,No,93,87,80,16,38,52819,56,35,55,47698,15554,22,40866,21500,90,109654,34231,338533
"University of California, Riverside",110671,36,5401,5531,954,410,96,1,3,26384,1209,22.25,City: Large,Yes,88,76,76,51,77,54685,75,91,,55150,15101,28,52703,17500,83,154529,33285,231596
Rutgers University--Newark,186399,36,1846,1630,905,312,92,4,4,11315,945,14.28,City: Large,No,84,64,64,61,71,14935,72,72,17,47676,18112,19,38937,21500,88,164621,45139,26222
University at Buffalo--SUNY,196088,36,4239,4772,3291,1035,88,3,8,31903,2214,10.94,Suburb: Large,Yes,85,75,70,35,74,30939,76,79,28,43868,10936,19,32366,19000,87,123907,33348,541880
New Jersey Institute of Technology,185828,40,1554,1805,1302,71,87,6,6,13247,991,16.44,City: Large,No,90,73,68,35,65,13010,69,64,30,43593,21162,30,39912,21000,92,148919,39205,171741
Colorado School of Mines,126775,40,1598,1372,627,120,51,46,0,8044,503,18.39,Suburb: Large,No,93,82,73,17,61,10886,,,54,56704,22426,13,46906,23000,94,126001,42474,109905
University of Illinois Chicago,145600,42,4360,4973,2055,1380,89,4,6,33906,1978,17.41,City: Large,Yes,80,62,59,55,77,23562,80,80,24,46802,18180,16,33726,16704,88,141138,49774,532181
"University of California, Santa Cruz",110714,43,4373,4544,392,233,92,5,3,19938,1007,21.74,City: Small,No,88,75,71,28,66,65987,62,81,,60453,16503,19,54105,16666,81,162519,35460,218426
University of South Florida,137351,43,6764,9982,3282,744,81,12,7,49622,2530,21.49,City: Large,Yes,91,77,76,32,43,65568,75,39,29,24794,6410,32,17324,17988,84,104522,28161,521892
University of Delaware,130943,43,4417,4477,1312,346,39,59,1,23673,1733,12.91,Suburb: Large,No,92,83,73,14,69,35228,71,70,32,45974,17660,25,43220,24572,91,136539,42568,465780
Rutgers University--Camden,186371,46,524,1047,456,185,80,15,5,5675,600,12.19,City: Small,No,80,67,62,52,66,11145,70,71,15,45637,18651,21,39476,21500,88,141369,43646,9849
Florida International University,133951,46,3511,10434,3560,702,94,3,0,54817,2416,21.83,Suburb: Large,Yes,93,75,76,48,55,17343,74,27,25,28691,6566,23,18964,16500,82,126513,18847,325785
University of Colorado Boulder,126614,46,7320,7004,2477,658,54,45,2,40588,2334,18.64,City: Midsize,No,90,74,67,14,76,54861,85,73,30,49618,14606,25,44748,19500,87,117146,43275,717920
University of Iowa,153658,49,5187,5071,1602,933,54,45,1,30779,1598,16.16,City: Small,Yes,90,75,65,16,84,25729,87,85,38,36057,11622,30,33710,22500,89,113934,45275,703326
University of Missouri,178396,49,5917,5668,1535,879,65,34,1,31543,1766,16.97,City: Midsize,Yes,93,75,65,26,78,20303,82,80,34,31530,15548,40,37820,20500,90,110378,36298,508580
Auburn University,100858,49,6081,6005,1433,550,53,46,0,34145,1783,20.66,City: Small,Yes,95,82,69,13,46,45693,59,43,35,48387,13318,18,36022,21000,89,113041,34366,393557
University of Tennessee--Knoxville,221759,49,6794,6677,2171,674,64,35,0,38728,2355,18.15,City: Midsize,Yes,92,74,64,24,42,36290,70,33,40,44233,13812,18,32956,20500,86,118845,34965,386949
Temple University,216339,49,4806,5094,1533,1067,60,37,3,29637,2457,12.16,City: Large,Yes,83,75,67,29,80,38666,81,82,,39308,23723,31,40144,24395,85,124094,38598,314999
University of Oregon,209551,54,5038,4331,964,376,48,51,1,24404,1554,18.29,City: Midsize,No,86,72,65,27,88,37154,,,,54000,15904,15,43919,20139,82,110540,35454,174785
The University of Texas--Dallas,228787,54,4007,5258,3428,296,92,5,3,29886,1420,23.42,City: Midsize,No,90,76,72,27,65,21500,69,63,40,44273,14664,26,40164,18000,88,136098,22371,181795
The University of Oklahoma,207500,54,4783,4426,2368,364,48,50,2,30873,1701,17.8,Suburb: Midsize,No,90,75,68,22,77,21548,76,80,29,42379,9887,13,27467,20654,88,106476,30226,474043
George Mason University,232186,57,4270,6201,3665,497,77,14,4,39763,2911,16.22,Suburb: Large,No,86,68,64,27,87,20001,88,87,14,52493,14316,12,39212,19500,88,131718,28033,281697
Arizona State University,104151,57,13981,14557,5057,958,63,30,7,79818,4795,18.04,City: Midsize,No,87,68,60,33,90,68789,92,89,29,51356,12975,7,35167,19500,86,113120,36564,1003271
Iowa State University of Science and Technology,153603,57,5782,5390,810,447,54,43,3,30432,1675,18.4,City: Small,Yes,88,75,69,16,89,21919,93,91,,34791,11092,19,30140,22869,90,116253,36689,462347
University of New Hampshire,183044,57,2602,2691,764,101,45,54,1,13598,945,16.78,Town: Fringe,No,87,76,69,21,88,21016,86,89,,39118,19682,34,40844,26814,88,115000,37437,230224
University of Central Florida,132903,57,6967,14934,2787,518,93,6,0,69819,2404,28.33,Suburb: Large,Yes,92,78,77,30,45,54977,49,29,33,32889,6368,17,24076,18190,83,104023,17553,284943
San Diego State University,122409,57,6552,9105,1899,178,74,23,2,39373,2222,24.15,City: Large,No,90,76,72,25,36,77250,31,87,30,41718,9180,14,22500,15000,84,118259,18597,181600
University of Maryland Baltimore County,163268,63,2232,2279,1196,109,90,4,5,13906,985,16.84,Suburb: Large,No,85,70,68,25,72,11534,75,58,24,38349,13539,26,31225,19500,88,119857,33357,150908
University of Arizona,104179,63,8743,8031,2472,1141,50,45,6,56544,2641,20.27,City: Large,Yes,83,68,63,30,86,52103,90,92,33,40811,13573,30,39903,19620,87,115757,43864,1012404
"California State University, Long Beach",110583,63,6298,8694,2066,65,97,1,2,39858,2608,26.18,City: Large,No,87,69,70,54,46,74694,46,73,,40970,8312,,19856,14289,81,100191,16621,33897
University of South Carolina,218663,63,7266,6677,1650,925,54,45,1,38532,2403,19.46,City: Midsize,Yes,92,79,69,18,60,42188,76,55,29,45050,12688,25,37376,21500,87,110197,27425,277329
University at Albany--SUNY,196060,63,2816,3118,1515,175,91,5,4,17560,1438,16,City: Midsize,No,84,61,60,42,69,26031,68,82,8,35792,10616,29,31826,19500,87,111191,30121,471605
University of Houston,225511,68,5778,8669,2238,857,93,3,4,47980,2790,22.1,City: Large,Yes,87,65,63,40,74,29783,75,64,30,34529,11888,25,27776,18194,85,118429,25022,238996
University of Alabama at Birmingham,100663,68,1993,2783,2440,877,81,16,3,20905,1267,17.82,City: Midsize,Yes,80,64,55,38,88,9947,93,93,24,41805,12140,14,29480,22300,86,118695,65002,865868
University of Vermont,231174,68,2791,2896,488,280,20,78,2,14476,896,17.39,City: Small,Yes,89,79,73,16,65,30231,74,66,38,39597,19514,37,47554,20951,85,93084,40218,246240
CUNY--City College,190567,68,2412,1972,764,101,83,0,4,15164,1442,14.01,City: Large,Yes,79,57,56,68,60,33651,62,56,,39329,7340,13,19010,11990,82,122535,39147,71684
Virginia Commonwealth University,234030,72,4149,4653,1421,819,91,6,2,28464,2167,16.92,City: Midsize,Yes,85,63,59,33,92,18377,89,75,17,39144,17240,36,39714,21500,85,114541,36414,524295
California State University--Fullerton,110565,72,6595,9070,1616,87,99,1,0,43662,2236,25.3,Suburb: Large,No,82,72,69,48,91,48749,91,85,,33319,7878,25,18438,13750,83,110233,14246,33709
Oregon State University,209542,74,4275,6170,1064,377,55,42,3,37163,2021,17.28,City: Small,Yes,88,70,61,23,77,25651,85,77,29,45782,15117,23,40077,21221,86,105545,36222,371904
Miami University--Oxford,204024,74,4184,4262,875,66,64,35,1,18838,1194,16.04,Town: Fringe,No,90,80,72,13,75,30367,80,83,,52930,17995,12,40460,23000,89,97868,22338,28566
University of Kansas,155317,74,5269,4187,1528,966,53,45,2,29792,1824,17.63,City: Small,Yes,86,69,58,21,93,16204,94,93,26,33081,12102,30,30432,21000,88,106481,49766,546110
University of Kentucky,157085,74,6438,4666,2017,1061,58,41,1,34709,2359,17.69,City: Large,Yes,87,71,57,25,93,22109,94,92,29,51168,13907,11,35164,22500,87,110628,56883,527658
University of North Carolina at Charlotte,199139,74,4567,5854,2065,181,90,9,1,31091,1585,21.33,City: Large,No,85,69,68,32,80,21355,84,67,16,34051,7020,15,22274,21500,86,105236,18374,94895
University of Rhode Island,217484,79,2968,3277,700,256,42,57,1,17210,1149,16.95,Suburb: Large,No,84,72,65,26,72,25481,75,72,18,44079,17476,23,38398,22250,88,106704,29455,137462
University of Utah,230764,79,5858,5606,2206,855,53,42,4,36894,2305,18.6,City: Midsize,Yes,86,65,58,20,86,21072,88,85,,43883,10848,25,35198,19000,85,111998,72365,789271
University of Massachusetts--Lowell,166513,79,2023,2624,1456,170,88,12,0,16797,1016,17.21,Suburb: Large,No,84,65,59,33,83,12171,83,83,22,34249,17664,36,37460,23704,90,128585,32721,120672
James Madison University,232423,79,4986,4841,585,45,69,30,0,22879,1465,16.9,City: Small,No,92,78,69,15,72,30727,66,78,19,49918,14250,,31596,20093,89,98861,18254,21394
Colorado State University,126818,79,5417,5492,1708,489,69,30,0,34096,2333,16.95,City: Midsize,Yes,86,67,54,22,89,32994,,,20,50428,13774,10,36113,20000,86,113280,43311,466386
Montclair State University,185590,84,4176,3857,1739,56,95,4,1,23375,2121,17.64,Suburb: Large,No,78,65,62,49,88,21393,88,86,10,40197,16854,15,27570,22000,83,125714,20249,43798
University of Nebraska -- Lincoln,181464,84,4629,3969,905,437,76,22,1,24393,1662,16.84,City: Large,No,86,67,55,24,87,19102,89,91,27,46984,10434,,28764,21000,88,116257,35152,657468
Michigan Technological University,171128,84,1370,1281,494,67,73,25,1,7429,470,13.05,Town: Remote,No,89,68,54,21,84,8569,84,80,32,49411,19982,18,44878,24990,93,106725,39568,106919
University of Cincinnati,201885,84,6514,6266,3823,801,74,22,4,45584,3809,18.85,City: Large,Yes,85,75,65,19,85,29024,89,83,23,51104,14394,,31406,21250,87,107289,31921,739878
University of Louisville,157289,84,2964,2838,1646,563,71,28,1,23065,1564,14.16,City: Large,Yes,81,61,52,35,79,15819,80,82,25,36007,13136,29,29482,20500,86,104001,51499,224969
Kansas State University,155399,84,3416,3251,1163,358,71,28,1,20295,1029,18.63,City: Small,Yes,86,71,59,21,82,9703,92,84,28,30284,11221,31,28568,21250,88,99335,38147,264961
SUNY College of Environmental Science and Forestry,196103,84,413,390,59,25,69,30,0,2391,176,14.03,City: Midsize,No,87,66,55,32,63,2466,63,63,21,37983,9270,11,23220,11000,88,98318,59606,38661
Stockton University,186876,84,1451,1825,312,39,95,4,0,8631,770,16.59,Rural: Fringe,No,79,68,64,42,89,9591,90,83,16,41736,16754,13,25258,20500,85,114676,20085,2253
Rowan University,184782,92,3489,3928,1022,403,89,7,4,21125,1962,16.9,Suburb: Large,Yes,82,67,59,33,78,16907,80,72,20,35180,17428,30,28252,20500,86,111160,35891,63984
The University of Alabama,100751,92,7973,6772,2109,434,40,59,1,40846,2065,19.21,City: Midsize,No,89,73,63,17,77,54072,77,79,25,37870,12484,30,35342,22750,88,105122,25214,221235
University of Mississippi,176017,92,5915,4206,1119,758,30,69,1,26449,1500,17.79,Town: Remote,Yes,87,72,60,22,97,22311,93,97,22,37205,10150,24,30310,20000,84,95139,34880,189910
University of Hawaii at Manoa,141574,92,2967,3166,942,414,61,37,3,20028,1355,13.4,City: Large,Yes,81,64,64,27,87,18974,89,86,29,54348,12186,,34218,18500,80,128654,50667,375631
Florida A&M University,133650,92,1384,1633,303,238,68,30,2,9313,701,14.57,City: Midsize,No,89,53,50,69,21,12372,38,15,28,29128,5785,19,17725,23548,79,85929,26408,68674
Louisiana State University--Baton Rouge,159391,92,7912,5693,1918,652,60,39,1,41705,2087,21.06,City: Midsize,Yes,85,69,58,29,73,38853,80,72,26,37730,12551,27,29229,20500,86,104547,32746,431439
California State University--San Bernardino,110510,98,2016,4069,1028,25,99,0,1,17900,1125,21.85,City: Midsize,No,80,55,54,66,93,15581,94,85,,32216,8522,17,21842,14715,80,97020,17667,11339
Wayne State University,172644,98,2990,3576,1706,809,95,2,3,23964,1657,15.65,City: Large,Yes,83,58,52,46,81,14002,84,67,,39771,16886,25,36208,21250,83,112834,34739,291689
University of Idaho,142285,100,1991,1482,612,203,62,26,10,12286,665,17.63,Town: Distant,Yes,76,57,49,35,76,13392,90,85,17,26797,9400,42,28636,21982,84,95025,35889,140413
University of Arkansas,106397,100,6567,5879,1229,361,43,56,1,33610,1651,19.71,City: Midsize,No,86,71,55,19,74,26210,82,76,26,44943,10496,13,31550,21500,88,97630,28388,230626
Florida Atlantic University,133669,100,3366,5740,2239,191,78,19,2,31607,1471,23.76,City: Small,Yes,84,63,63,37,66,24268,72,54,17,37025,6099,17,21655,17236,82,98438,20106,87906
California State University--Fresno,110556,100,3307,4943,764,55,96,1,4,24310,1389,23.11,City: Large,No,82,57,53,62,94,18680,95,89,,15952,8224,30,8224,14505,82,105234,17288,14410
University of Nevada--Reno,182290,104,3404,3264,952,265,76,23,0,23029,1542,16.92,City: Large,Yes,80,61,54,26,74,9390,,,26,46356,10298,,28930,18922,86,122515,39745,194131
Missouri University of Science and Technology,178411,104,1255,1109,558,74,74,22,4,7154,457,17.45,Town: Remote,No,87,65,50,24,73,6311,85,80,41,49714,15930,,35118,23250,94,114712,35115,69534
Washington State University,236939,104,4262,5135,850,555,84,14,1,25685,1748,13.31,Town: Distant,Yes,78,60,51,28,87,19401,86,88,,32549,13888,32,30994,19500,88,104798,33294,403369
East Carolina University,198464,104,3962,4615,1519,335,82,17,0,26940,1480,17.29,City: Small,Yes,83,63,57,35,89,21383,94,79,11,32702,7437,19,23714,22750,87,87637,22873,72539
Indiana University Indianapolis,151111,104,2862,3096,1885,932,94,4,1,22534,4444,12.71,City: Large,Yes,72,54,48,43,76,15637,79,74,16,41757,10762,20,35227,20000,86,95312,47337,88989
Georgia State University,139940,109,4008,5578,2095,532,79,11,9,34966,1575,25.29,City: Large,No,79,53,53,61,55,28127,67,37,,42314,10500,13,31320,20903,79,112343,18534,241115
Texas Tech University,229115,109,6705,7097,2448,614,90,8,2,40757,2235,20.49,City: Large,Yes,85,69,60,25,73,35400,75,68,24,30782,11852,25,24152,21500,87,106982,22019,256919
Oklahoma State University,207388,109,4947,4823,1108,345,59,39,1,27241,1452,19.26,Town: Distant,Yes,85,69,56,25,75,19117,,,28,34604,9244,16,24764,20500,87,96712,25385,253770
Ohio University,204857,109,4387,4189,1713,451,85,14,1,25767,1186,18.33,Town: Distant,Yes,84,65,54,27,85,24978,88,81,23,31823,14582,26,25796,21056,88,90885,24110,67430
University of North Carolina--Wilmington,199218,109,2752,3856,1309,113,87,11,1,18848,1266,17.04,City: Midsize,No,88,71,64,23,64,16860,79,41,16,40579,7266,10,25420,19500,83,90761,17337,22672
University of North Carolina--Greensboro,199148,109,2393,3284,920,214,93,5,1,18012,1028,17.66,City: Large,No,78,56,55,57,89,11515,92,79,9,32003,7662,14,24014,22858,80,89200,20557,77370
San Francisco State University,122597,115,2218,4744,869,75,96,1,3,22357,,16,City: Large,No,81,51,50,54,90,31113,91,71,,0,,,,15371,83,106497,18218,42000
University of North Texas,227216,115,6558,7575,5355,304,90,3,7,46864,2043,25.67,City: Midsize,No,77,61,58,42,72,32742,73,73,14,32607,11663,19,23963,19250,83,100547,15517,124219
Mississippi State University,176080,115,3582,4193,1194,306,56,43,1,23150,1497,16.38,Town: Remote,Yes,83,67,50,31,78,18852,78,80,25,41994,10604,13,28736,22142,86,90731,29378,342132
The University of Texas--San Antonio,229027,118,4669,6154,1401,136,97,2,1,35770,1440,23.77,City: Large,No,80,53,51,46,87,23295,87,73,16,36108,10600,21,26750,20500,83,94098,20118,171528
The University of Texas--Rio Grande Valley,227368,118,5491,4985,1711,124,99,0,1,33881,1604,19.89,City: Midsize,Yes,81,51,50,67,94,12674,94,95,15,0,,,,12950,81,81370,18487,90610
University of Massachusetts--Boston,166638,118,2141,2433,925,113,81,11,8,15575,1192,14.8,City: Large,No,70,50,50,46,84,19510,82,88,16,58559,16064,,38281,21974,88,107094,34720,74625
Ball State University,150136,118,3637,2660,2214,54,91,8,1,21089,1253,14.32,City: Small,No,78,62,53,35,85,22859,100,56,,39797,11082,15,29630,23250,85,75692,21429,13095
Illinois State University,145813,122,4267,4355,807,74,96,3,1,21546,1285,19.68,Suburb: Midsize,No,81,65,52,35,88,19596,88,84,,19797,16144,,28210,20482,89,88325,19848,34238
University of Wyoming,240727,122,1415,1839,578,192,58,37,3,10813,704,13.48,Town: Remote,No,79,59,50,20,97,5797,97,97,23,37297,8245,,24865,18000,84,96968,50462,167306
West Virginia University,238032,122,4112,3923,1403,589,41,58,1,23643,1222,19.14,City: Small,Yes,83,64,52,27,73,20961,76,79,21,0,,,,22500,86,106507,30930,259072
The University of Texas--Arlington,228769,122,4649,7201,4654,265,93,1,6,44956,1776,24.76,City: Large,No,73,54,52,44,80,21963,80,70,24,39476,11950,,29432,17527,89,103522,16003,153780
University of North Florida,136172,122,1803,3250,794,118,92,5,0,16154,905,18.41,City: Large,No,85,64,62,31,53,19744,,,22,32423,6390,,20790,15531,83,85762,15851,19318
Portland State University,209807,122,1376,3259,1404,84,78,20,2,19951,1307,16.77,City: Large,No,76,53,53,49,91,7925,91,91,,32590,10263,,26463,20500,80,107536,23993,51677
New Mexico State University,188030,122,2338,2256,760,124,75,23,2,15408,1090,14.76,Suburb: Midsize,No,73,55,50,50,89,15860,87,92,20,32184,9157,,27484,17095,74,93416,31495,142872
University of Colorado Denver,126562,129,1285,2466,2063,740,89,8,4,23124,6529,16.61,City: Large,Yes,73,46,46,41,75,15649,80,81,19,53294,13253,,37433,20500,86,111325,78016,24313
University of Colorado Denver,126562,129,1285,2466,2063,740,89,8,4,23124,6529,16.61,City: Large,Yes,73,46,46,41,75,15649,80,81,19,53294,13253,,37433,20500,86,111325,78016,741643
University of Nevada--Las Vegas,182281,129,4280,4801,1414,480,86,13,0,32914,2668,19.25,City: Midsize,Yes,79,50,48,36,85,13285,,,23,37496,9748,,27411,19450,83,119910,26680,118049
Kent State University,203517,129,4228,4280,1837,264,80,16,4,26374,1560,20.43,Suburb: Large,No,81,64,53,32,86,20369,84,89,16,38009,13628,,23872,24500,82,106469,18538,61437
North Dakota State University,200332,129,2174,2240,421,174,37,62,1,11952,705,16.98,City: Midsize,No,78,64,55,22,95,8535,94,96,17,0,,,,23199,90,91837,36140,199885
University of Missouri--Kansas City,178402,129,1302,1600,1074,583,68,31,1,14732,1213,13.23,City: Large,Yes,75,54,44,39,72,5180,85,61,28,38756,14038,,33883,18750,87,102686,30239,57030
Winston-Salem State University,199999,129,929,916,122,48,75,24,0,4776,,16,City: Large,No,75,48,,78,78,,,,,33329,6126,,16782,25000,84,82986,20224,12650
North Carolina Agricultural and Technical State University,199102,129,2724,2326,405,75,57,41,0,14308,1056,19.98,City: Large,No,77,57,50,61,51,25763,82,42,18,32100,6733,,20243,27000,79,84636,21560,81845
Utah State University,230728,136,4146,3958,964,99,72,27,1,28900,1315,18.92,City: Small,No,71,57,55,19,92,16069,,,23,0,,,,14340,79,100834,37725,451379
Grand Valley State University,170082,136,4146,4007,1025,78,92,8,1,22011,1757,14.51,Town: Fringe,No,76,67,57,27,83,,84,86,,21670,15872,,22588,24500,86,92477,21894,7041
University of Massachusetts Dartmouth,167987,136,1291,1097,684,144,86,10,3,7968,567,15.8,Suburb: Midsize,No,63,52,45,47,91,8837,91,90,15,52862,16233,,33782,25000,89,115039,34961,42352
University of Alabama at Huntsville,100706,136,1200,1484,547,64,67,31,1,8564,520,17.31,City: Midsize,No,84,64,53,24,69,5581,69,75,26,29365,12132,,26408,20705,90,97128,31680,154494
University of Missouri--St. Louis,178420,136,454,1416,677,122,72,18,10,14751,675,12.9,Suburb: Large,No,73,56,48,47,63,3913,68,66,21,45580,15120,,37590,20000,85,92336,26061,14698
West Chester University of Pennsylvania,216764,136,3006,2858,910,62,86,13,0,17171,956,20.46,Suburb: Large,No,83,71,61,25,78,14778,77,81,,32399,11464,,23456,23500,88,101056,16068,6870
Northern Arizona University,105330,136,4868,5130,2121,250,80,19,1,28468,1607,19.36,City: Small,No,75,61,53,36,90,44855,90,89,20,41267,13440,,30912,19000,85,89095,19130,93749
University of North Dakota,200280,136,2161,1852,804,391,38,59,3,15019,848,16.69,City: Small,Yes,84,60,53,17,77,6597,89,84,21,25491,11645,,16541,22057,91,90163,42355,197428
University of New Mexico,187985,136,3464,3298,1127,443,83,15,2,23596,1446,15.2,City: Large,Yes,75,46,40,39,79,12639,82,83,,52007,11455,,34603,18450,80,100319,56122,354874
The University of Texas--El Paso,228796,145,3187,3790,1221,210,93,2,5,25039,1338,19.53,City: Large,No,79,50,49,63,100,10493,100,100,16,19698,8508,,21164,18000,81,87972,19488,157574
Texas State University,228459,145,7890,7191,1216,123,93,2,5,40674,2071,21.02,City: Small,No,80,55,49,42,90,28908,90,86,11,33309,12240,,24540,21000,85,80926,16845,165047
Sam Houston State University,227881,145,3171,4022,864,162,98,1,0,21039,1064,21.06,Town: Distant,Yes,73,55,50,45,90,16316,90,86,10,30209,11370,,23520,21983,85,82304,17613,16716
Tennessee Tech University,221847,145,1999,1827,397,44,94,5,1,10511,674,16.5,Town: Remote,No,78,58,48,37,76,8020,82,55,31,29004,11926,,16126,15650,85,85061,20676,36399
Middle Tennessee State University,220978,145,3114,3605,766,70,90,8,1,20488,1204,16.5,City: Midsize,No,79,54,48,48,69,12868,74,53,,47500,13328,,36188,20000,81,88019,21152,8736
South Dakota State University,219356,145,2373,1796,374,107,51,44,6,12065,653,17.38,Town: Remote,No,84,62,52,23,98,6364,99,99,19,22157,9554,,13166,23250,90,93620,30304,82246
University of Maine,161253,145,2044,1777,638,83,64,35,1,12029,842,15.19,Suburb: Small,No,83,55,41,32,97,15021,98,98,18,37756,13686,,37836,25000,86,103242,39651,198870
California State University--East Bay,110574,145,767,2853,999,17,95,1,4,13333,,17,Suburb: Large,No,79,47,,54,97,,,,,0,7583,,20183,16544,85,102932,19155,14307
Western Carolina University,200004,145,2023,2316,502,115,75,22,0,11681,797,15.71,Town: Distant,No,79,60,55,38,82,17916,91,81,15,21838,4685,,8685,21868,84,82864,15974,2333
Augusta University,482149,154,1273,992,1327,504,65,33,1,10935,640,16,City: Midsize,Yes,76,48,44,43,63,5191,,,,46422,8414,,25202,20500,85,86984,46945,166219
University of Memphis,220862,154,1932,2872,1342,285,84,13,3,20276,1291,15.68,City: Large,No,77,51,44,52,72,15767,,,18,29617,10728,,18762,23300,81,87827,25047,108862
Wichita State University,156125,154,1774,2291,1004,106,72,22,6,17700,871,19.09,City: Large,No,72,51,47,43,72,8438,70,73,15,31558,9322,,19240,20500,84,86144,38038,392333
Central Michigan University,169248,157,2188,2178,1498,231,88,9,3,14515,912,16.04,Town: Distant,Yes,75,59,48,36,90,19888,,,26,26985,16215,,16215,27000,88,97352,18153,27429
University of South Dakota,219471,157,1371,1105,645,253,52,34,14,10619,695,16.41,Town: Distant,Yes,79,60,49,28,99,4480,99,99,17,22529,9687,,13299,23592,89,85560,27104,27908
University of Puerto Rico--Rio Piedras,243221,159,1867,1439,421,234,96,0,0,11493,,12,City: Large,No,80,50,,64,55,,,,,0,5354,,5354,5500,57,54887,18195,33659
Old Dominion University,232982,159,2665,3542,1280,438,89,7,1,23743,1990,13.09,City: Midsize,Yes,77,46,39,45,90,14435,93,81,12,54304,13320,,33885,24000,85,105084,22100,76202
Western Michigan University,172699,159,2437,2923,1094,159,78,21,2,17605,1192,15.63,City: Small,No,81,58,51,35,85,20501,86,88,17,24936,15954,,19908,26188,85,98865,25069,62063
The University of Toledo,206084,159,1873,2169,633,512,76,17,7,14357,718,17.92,City: Large,Yes,77,58,43,32,92,12575,96,94,22,36195,12646,,22006,22250,88,92929,31279,73200
Bowling Green State University,201441,159,3500,2708,1037,172,84,13,3,17594,1087,17.44,Town: Fringe,No,82,61,47,32,81,17447,85,75,21,32230,14365,,22353,25000,84,96321,19469,19615
Southern Illinois University--Carbondale,149222,164,1710,1959,729,288,85,14,1,11790,1000,11.37,Town: Distant,Yes,67,57,45,41,87,9771,86,91,14,22757,13544,,13544,21543,84,74929,62443,61460
Northern Illinois University,147703,164,1979,2510,1148,275,91,7,2,15415,1039,15.07,Suburb: Small,No,70,49,36,52,70,25961,75,66,14,19210,13792,,13792,22162,86,101653,25167,34467
University of Nebraska Omaha,181394,164,2067,2289,928,37,87,10,2,14972,1160,14.92,City: Large,No,78,49,45,39,87,8828,92,80,19,37126,8718,,23206,19000,87,83170,19474,35134
Boise State University,142115,164,3298,4033,963,88,64,35,0,27250,1470,19.62,City: Midsize,No,79,59,48,25,87,16795,84,91,,42759,9364,,28478,20500,85,91419,19615,57749
University of Wisconsin--Milwaukee,240453,164,3391,3213,1587,210,90,9,1,22876,1531,16.33,City: Large,No,75,53,47,33,97,15356,99,99,,0,,,,23000,87,79474,23306,66270
East Tennessee State University,220075,164,2092,2158,707,273,74,24,2,13728,965,18,City: Small,Yes,76,53,45,44,86,9612,96,78,,0,,,,19442,79,79771,28039,42526
Kean University,185262,170,1930,2350,555,60,90,4,6,13905,1499,17.06,Suburb: Large,No,76,47,43,63,76,10485,85,84,5,45234,14299,,22446,23250,84,105406,25775,9479
Montana State University,180461,170,3311,2756,521,118,39,61,1,16960,,18,City: Small,No,78,56,,21,82,,,,,0,8460,,33287,22500,85,83670,31793,257927
Florida Gulf Coast University,433660,170,2258,3051,747,76,78,18,3,16167,,21,Suburb: Large,No,83,57,,32,63,15657,,,,34812,6118,,25162,17622,84,84010,15962,23841
University of Southern Mississippi,176372,170,1692,2493,894,305,66,23,11,13170,829,17.97,City: Small,No,72,49,47,40,99,9043,,,,26556,9998,,11998,22500,80,78184,18843,93692
Marshall University,237525,170,1818,1374,654,203,76,23,0,11958,712,16.33,City: Small,Yes,72,51,44,47,96,6399,96,96,21,31682,9388,,20390,23250,80,79450,24747,39178
Oakland University,171571,170,2226,2934,779,258,96,2,2,15768,1112,16.85,Suburb: Large,Yes,78,58,46,35,88,11110,88,85,15,25574,16176,,22950,22750,86,94743,20835,38508
University of Houston--Clear Lake,225414,170,364,1548,756,35,98,1,1,8137,498,15.47,City: Midsize,No,73,52,50,33,92,1985,,,14,33495,9298,,25978,17831,87,90975,19666,3080
Louisiana Tech University,159647,170,2444,1459,374,35,80,12,8,12059,591,21.62,Town: Distant,No,82,62,50,31,91,7209,,,20,18279,11400,,20313,22135,84,83271,15858,31247
University of Hawaii at Hilo,141565,178,320,543,61,49,74,25,1,2668,245,11.77,Town: Remote,No,73,48,38,45,60,4325,73,48,19,0,,,,20500,71,103978,37624,8501
Radford University,233277,178,1411,1314,541,55,93,6,1,7812,670,14,Town: Fringe,No,76,49,41,42,90,11442,92,89,11,27590,12952,,26266,24000,86,91394,24164,1291
Texas Woman's University,229179,178,1566,2019,1552,331,98,1,1,15265,986,16.29,City: Midsize,No,70,49,47,51,96,7282,,,16,32805,10540,,22840,19218,85,83128,14816,8998
The University of Texas at Tyler,228802,178,1220,1875,856,57,98,1,1,10359,607,16.64,City: Midsize,Yes,77,54,52,31,94,3493,94,92,13,36632,9736,,25184,17137,87,96586,38967,3632
Ferris State University,169910,178,1665,1527,153,166,92,6,1,9959,606,15,Town: Remote,No,78,56,37,25,92,12228,91,92,,22490,15196,,15196,21000,87,97991,20267,2046
Morgan State University,163453,178,2369,1137,286,93,48,50,1,10739,818,17.38,City: Large,No,73,41,38,58,82,16845,86,81,6,26958,8346,,19456,27250,82,105076,32086,55506
University of Tennessee at Chattanooga,221740,178,2473,2112,384,119,89,10,0,11775,749,19,City: Midsize,No,73,51,42,38,81,8345,83,71,,25395,10762,,19068,19500,84,87096,20071,12104
Indiana University of Pennsylvania,213020,178,1750,1346,551,79,95,4,1,9073,425,16.67,Town: Distant,No,75,54,43,44,91,8603,91,92,10,23829,11724,,15322,26798,85,106890,21156,6568
Eastern Kentucky University,156620,178,2804,2346,699,70,91,9,0,15673,1081,18.3,Town: Distant,No,77,55,46,42,97,8435,97,98,15,28708,11280,,23500,22500,82,70936,20732,1435
Georgia Southern University,139931,187,5010,3989,1432,115,90,8,2,27506,1078,25.33,Town: Distant,No,78,55,50,37,88,14680,88,87,,33543,7144,,21784,23250,84,91816,14021,46093
Prairie View A&M University,227526,187,1822,1413,335,32,86,14,1,9854,543,16.22,Rural: Distant,No,74,43,39,68,78,,,,6,32453,7386,,22590,27000,82,80521,24305,31632
Cleveland State University,202134,187,1550,1969,1298,254,94,6,0,14001,1059,16,City: Large,No,70,51,43,43,91,11570,,,,24596,13362,,19046,21797,85,91685,22311,85839
University of Northern Colorado,127741,187,1227,1350,721,111,86,12,1,8869,689,14.18,City: Midsize,No,76,52,44,36,94,9421,,,,33302,12882,,28370,20470,82,81489,22334,8476
University of Wisconsin-Oshkosh,240365,191,1394,1415,280,43,88,10,3,12961,,21,City: Small,No,72,57,,27,86,8531,,,,0,,,,21500,89,78040,19587,3443
Arkansas State University,106458,191,1672,1916,1836,326,70,14,16,15726,654,17.39,City: Small,No,78,53,41,42,82,6043,88,64,19,0,,,,20500,83,68748,12590,10950
Texas A & M University-Kingsville,228705,191,1250,884,577,24,99,0,0,6864,,16,Town: Distant,No,65,42,38,60,91,5768,91,97,12,24929,9892,,22948,22934,84,79748,25621,31751
Missouri State University,179566,194,2549,2986,1330,155,81,13,2,23418,,21,City: Midsize,No,79,58,,31,91,,,,,0,9502,,18770,21992,83,79414,15464,16103
University of Louisiana at Monroe,159993,194,1236,1005,414,124,84,5,11,8605,,16,City: Small,No,73,50,,45,85,4303,90,78,22,0,,,,21500,84,70531,14568,2940
Southern Illinois University Edwardsville,149231,196,1534,2028,894,194,75,16,9,11893,842,15.33,Suburb: Large,Yes,76,55,43,34,97,9325,,,17,32881,13299,,28082,20500,88,81290,22762,17673
University of Montana,180489,196,1651,1187,565,546,59,39,1,10811,599,18.05,City: Small,No,75,49,43,31,96,8943,96,98,22,48360,8456,,33664,22400,76,92124,36211,143810
University of Central Arkansas,106704,196,2172,1604,496,138,91,7,3,10112,694,14.62,City: Small,No,73,54,42,45,89,6522,89,94,21,35340,10940,,18746,20346,83,70638,14126,3142
Jackson State University,175856,196,918,826,349,47,26,72,2,6326,529,11.96,City: Midsize,No,61,51,47,77,93,,90,93,6,25850,9635,,13635,30470,74,73048,49738,24744
University of South Alabama,102094,196,1919,1790,1165,335,72,26,2,14003,926,19.08,City: Midsize,Yes,76,52,43,43,71,12550,,,,38821,12040,,23260,24929,85,72591,22150,70084
Western Kentucky University,157951,196,2753,2744,797,50,66,33,0,16291,937,18.54,City: Small,No,78,58,45,37,94,7505,,,21,38375,11652,,27000,22095,82,73847,20179,11213
Indiana State University,151324,196,1409,1330,426,113,85,13,2,7895,576,15.59,City: Small,No,66,43,33,49,92,18531,,,12,31189,10258,,22926,24000,87,80771,21959,1138
Kennesaw State University,486840,203,8635,6807,2030,70,96,1,2,47845,2225,23.15,Suburb: Large,No,77,52,50,32,69,21106,,,15,33618,6948,,22278,23833,85,87580,12182,51575
University of West Georgia,141334,203,1353,1475,2289,67,92,5,2,14394,821,17.79,Town: Distant,No,78,43,41,53,52,4772,52,45,,28969,7210,,21850,23970,84,75713,18150,
Eastern Michigan University,169798,203,1621,2426,837,31,84,11,5,12663,967,14.19,Suburb: Large,No,69,46,36,44,80,19919,83,84,12,23028,16598,,16598,25000,85,96747,17976,11202
Tarleton State University,228529,203,2978,2922,886,27,97,3,0,17258,843,24.46,Town: Remote,No,72,48,43,38,53,11660,52,85,10,42980,10180,,22480,19606,85,73230,14559,24875
University of Louisiana at Lafayette,160658,203,3049,2165,660,73,96,3,1,15665,888,18.11,City: Midsize,No,74,53,44,37,87,11752,87,90,15,19582,10418,,24146,22902,85,80497,22481,254883
The University of Akron,200800,203,1902,1714,470,240,91,7,0,13332,976,16.64,City: Midsize,No,73,52,37,40,60,12282,,,26,32556,13530,,21440,23250,86,93259,19711,
University of Michigan--Flint,171146,209,520,978,386,157,96,3,0,6529,484,14.05,City: Small,No,78,40,34,51,70,6140,89,57,33,41782,14890,,28426,25000,85,99379,22171,2023
University of Arkansas--Little Rock,106245,209,526,891,498,168,91,8,0,8158,,11,City: Midsize,No,71,38,,55,59,2775,,,,0,9748,,22158,22000,84,71468,23853,10461
East Texas A&M University,224554,209,1108,1962,1341,61,96,3,0,12741,779,16.65,Town: Distant,No,57,43,37,55,75,11470,75,73,10,17761,10026,,22186,20500,84,80483,16790,6811
Northern Kentucky University,157447,209,1437,1973,1586,236,69,29,1,15347,1005,16.57,Suburb: Large,No,75,54,46,34,83,6907,83,84,15,32473,11496,,22752,23000,85,90808,19448,3271
University of New Orleans,159939,213,965,862,317,44,91,7,2,6488,367,17.62,City: Large,No,67,38,34,58,73,7296,87,77,,31762,9354,,14190,18750,78,84882,19999,19311
University of Maryland Eastern Shore,163338,214,762,280,63,78,66,32,2,3177,320,11.06,Town: Fringe,No,62,35,29,56,96,6769,97,98,,0,,,,27000,79,100322,46494,13422
Tennessee State University,221838,215,876,764,292,64,41,57,2,6310,524,11.42,City: Large,No,33,35,35,68,70,14380,67,72,,34519,8616,,22416,27000,82,81593,21041,35017
University of Colorado--Colorado Springs,126580,215,1538,1850,525,38,83,16,0,11213,,15,City: Large,No,67,44,,32,97,,,,,0,10149,,24336,20000,84,82593,22272,7528
University of Alaska Fairbanks,102614,217,695,476,205,31,78,20,2,6640,,12,City: Small,No,72,39,,25,,,,,,0,8736,,22320,20291,81,91224,99652,246295
Valdosta State University,141264,217,1120,1434,1155,63,73,26,1,10305,580,17.34,City: Small,No,67,41,,53,72,4934,72,74,,33628,6124,,17836,24779,82,76106,13502,
Texas A&M University--Corpus Christi,224147,219,2164,1546,1286,51,97,3,1,11266,560,19.02,City: Large,No,58,40,40,43,89,11501,88,91,10,37741,9748,,20183,23000,83,85594,21415,52175
Wright State University,206604,219,1706,1319,918,170,82,4,14,10603,,16.31,Suburb: Large,Yes,68,42,28,38,96,7162,97,96,18,35310,10991,,20691,22750,85,88352,23842,22647
Idaho State University,142276,221,1670,1183,566,173,84,8,0,12614,,13,City: Small,No,74,35,,45,,,,,,0,8610,,27720,20039,80,77955,27197,17494
Alabama State University,100724,222,1053,477,168,35,43,52,5,4081,334,15,City: Midsize,No,70,31,29,77,98,6676,,,10,6197,11068,,19396,31000,74,81533,32952,3901
Lamar University,226091,222,1609,1619,3843,82,97,2,1,17711,573,27.75,City: Midsize,No,63,37,33,48,86,7039,86,78,15,28235,10894,,23044,21250,87,83961,11852,8324
Southern University and A&M College,160621,224,1507,594,225,230,68,31,0,8279,457,16.89,City: Midsize,No,60,27,24,79,35,10609,67,26,6,13595,9290,,10479,29251,79,67886,16745,5483
Texas Southern University,229063,225,1522,1161,346,244,78,20,0,8704,674,17.02,City: Large,No,66,22,20,80,97,8582,97,95,25,0,,,,29000,76,84013,21882,19045
